JiraGitKey,ProjectKey,DeveloperKey,StoryPoints,JiraTicket,GitHubRepo,CommitMessage,CommitTime
1,8,20,6,4c0dd275-50c0-4a72-9b63-a7be5158e7c8,engage out-of-the-box infrastructures,Initial commit for project engage out-of-the-box infrastructures by Cheryl Velazquez,2023-11-30 00:36:18.608967
2,8,7,13,0b00a6ea-7eb0-44f0-a195-966f0b8bf53f,engage out-of-the-box infrastructures,Initial commit for project engage out-of-the-box infrastructures by Sarah Kemp,2024-03-04 22:11:01.105366
3,10,16,10,afaa3ed9-d5a3-4810-b78d-588c1e634b77,innovate innovative solutions,Initial commit for project innovate innovative solutions by James Berg,2023-07-01 21:40:39.138937
4,9,1,18,3aeb49a4-85dc-4041-822b-b6803e426fca,embrace back-end metrics,Initial commit for project embrace back-end metrics by Anna Thompson,2023-05-13 18:41:13.038512
5,3,14,16,c395eb4c-0c83-4402-a117-2d8b23bf82ca,utilize cross-media niches,Initial commit for project utilize cross-media niches by Clinton Cain,2024-01-14 05:24:51.985048
6,1,7,20,29498afe-8029-418c-9cc3-d77beea5be11,incubate seamless users,Initial commit for project incubate seamless users by Sarah Kemp,2024-03-27 11:57:40.385278
7,6,9,4,848b4cb9-a13c-4546-815d-0e6611b93653,optimize plug-and-play initiatives,Initial commit for project optimize plug-and-play initiatives by Allison Miller,2023-11-11 12:04:34.462208
8,9,2,7,d650a868-e36a-41ba-9515-4b0bb423c62d,embrace back-end metrics,Initial commit for project embrace back-end metrics by John Carpenter,2023-08-20 12:00:31.428885
9,6,15,3,58c3f67a-a4d2-46a1-8b69-492e3cdb6295,optimize plug-and-play initiatives,Initial commit for project optimize plug-and-play initiatives by Paul Lewis,2023-10-07 03:08:07.484953
10,2,12,6,55f3b335-f782-450d-a67c-9f4d7208c157,maximize interactive convergence,Initial commit for project maximize interactive convergence by Marcus King,2023-05-19 08:00:43.436173
11,3,11,8,fc630309-5508-47ff-bc03-c21407edd4ef,utilize cross-media niches,Initial commit for project utilize cross-media niches by Michael Wade,2024-09-27 05:37:33.378567
12,7,2,19,760cd987-0a03-40b7-a0ce-97c61adbed32,enhance magnetic architectures,Initial commit for project enhance magnetic architectures by John Carpenter,2024-06-20 16:04:03.228769
13,1,17,6,0466cc6c-a3bd-4f80-a8fc-2980030f199d,incubate seamless users,Initial commit for project incubate seamless users by James Martinez,2023-11-27 17:35:14.272730
14,7,18,4,8eac56a9-e196-4959-86e6-924f2b39693d,enhance magnetic architectures,Initial commit for project enhance magnetic architectures by Leonard Warner,2023-10-05 23:08:59.932438
15,8,12,16,5215affc-2f1e-4752-b264-a5ea2bacc2b9,engage out-of-the-box infrastructures,Initial commit for project engage out-of-the-box infrastructures by Marcus King,2024-01-15 04:08:49.887957
16,7,8,1,2da58f48-9196-4908-945e-b0a04a70c21b,enhance magnetic architectures,Initial commit for project enhance magnetic architectures by Adam Jenkins MD,2023-07-30 07:10:38.730037
17,9,10,9,e677da8f-2e8c-4686-988d-4c4bc88affc1,embrace back-end metrics,Initial commit for project embrace back-end metrics by Melissa Hamilton,2023-06-15 21:41:28.222236
18,6,14,16,7a32999d-3957-4ae9-93a1-82b9d80c47de,optimize plug-and-play initiatives,Initial commit for project optimize plug-and-play initiatives by Clinton Cain,2024-03-03 15:17:16.986239
19,8,1,1,a6a55317-b202-4099-85ed-cf6438b6fd3e,engage out-of-the-box infrastructures,Initial commit for project engage out-of-the-box infrastructures by Anna Thompson,2024-04-13 05:51:11.194184
20,4,9,1,b64e3eeb-9901-4442-b647-0dd45b6e8c94,enhance revolutionary architectures,Initial commit for project enhance revolutionary architectures by Allison Miller,2023-12-07 20:14:45.530096
21,9,15,7,7612af63-c631-473e-83b5-c7a813467830,embrace back-end metrics,Initial commit for project embrace back-end metrics by Paul Lewis,2023-10-08 21:09:28.150652
22,9,16,15,e84a5864-7e9a-4394-9242-4f59772c231a,embrace back-end metrics,Initial commit for project embrace back-end metrics by James Berg,2023-10-20 11:47:14.763416
23,2,6,17,72984211-cf4a-4a2d-84bb-1cb3edb354d4,maximize interactive convergence,Initial commit for project maximize interactive convergence by Jason Williams,2023-07-17 10:33:34.019465
24,2,10,7,f206c8eb-a751-4a94-bbd8-5dadeb2df028,maximize interactive convergence,Initial commit for project maximize interactive convergence by Melissa Hamilton,2023-07-23 06:25:03.222048
25,4,1,19,58013972-7c07-4c6a-8fc2-6629d676aa92,enhance revolutionary architectures,Initial commit for project enhance revolutionary architectures by Anna Thompson,2024-08-20 10:50:24.615020
26,8,18,10,f15ce5cc-8509-48b4-a62a-256ff0d35db7,engage out-of-the-box infrastructures,Initial commit for project engage out-of-the-box infrastructures by Leonard Warner,2023-12-01 19:10:26.566249
27,3,14,3,ab16cb6c-e585-40be-a538-7c935aadee73,utilize cross-media niches,Initial commit for project utilize cross-media niches by Clinton Cain,2024-05-19 20:25:04.827667
28,7,11,15,b3ce2871-c01f-4ac5-80bf-53f3196dce6a,enhance magnetic architectures,Initial commit for project enhance magnetic architectures by Michael Wade,2023-11-13 02:46:25.655680
29,8,15,7,90220e11-f789-4dac-b0c1-95f0c7050831,engage out-of-the-box infrastructures,Initial commit for project engage out-of-the-box infrastructures by Paul Lewis,2024-02-11 10:06:49.711199
30,4,4,20,88372e68-f9ba-4231-b22f-2f3631169c37,enhance revolutionary architectures,Initial commit for project enhance revolutionary architectures by Jordan Ramos,2024-02-22 22:56:37.581676
31,1,5,10,41937b73-60dd-4e23-b7df-9dcd8b752e78,incubate seamless users,Initial commit for project incubate seamless users by Carol Andrews,2023-08-04 08:21:30.658007
32,2,8,8,8269c0f7-ad4a-4a60-a561-26e0fd4f7854,maximize interactive convergence,Initial commit for project maximize interactive convergence by Adam Jenkins MD,2024-01-10 21:32:15.792071
33,5,10,16,88f8b0ee-c029-4ad5-a91e-e68d5e578b4a,syndicate compelling metrics,Initial commit for project syndicate compelling metrics by Melissa Hamilton,2023-03-08 10:55:39.507410
34,4,7,18,d141fa55-e0c4-4f1e-88c0-fb01a90dc3e0,enhance revolutionary architectures,Initial commit for project enhance revolutionary architectures by Sarah Kemp,2024-02-24 16:24:15.230129
35,2,15,6,ded2f489-fe5a-46af-afc2-135dd5abe7ab,maximize interactive convergence,Initial commit for project maximize interactive convergence by Paul Lewis,2023-05-06 12:52:42.428236
36,3,13,4,22ffea39-6df0-4e41-94e2-8cef14314bb7,utilize cross-media niches,Initial commit for project utilize cross-media niches by Jason Williams,2024-03-23 03:08:01.354289
37,2,20,11,9ae80e37-769b-4c58-bd19-4589eb7566d8,maximize interactive convergence,Initial commit for project maximize interactive convergence by Cheryl Velazquez,2023-04-29 03:27:27.995172
38,6,3,16,c71f6aee-d260-4849-bddb-f753bed44b12,optimize plug-and-play initiatives,Initial commit for project optimize plug-and-play initiatives by Morgan Robinson,2023-08-25 12:14:37.705023
39,2,19,14,c15f53bf-a082-4df9-8896-7702748b3773,maximize interactive convergence,Initial commit for project maximize interactive convergence by Mark Allen,2023-09-24 08:01:01.716579
40,4,13,10,2f52f70e-ba15-47a0-b523-60656341387f,enhance revolutionary architectures,Initial commit for project enhance revolutionary architectures by Jason Williams,2023-09-03 13:21:52.752784
41,10,14,7,7e3747dd-738b-45e6-bb3d-a264f70b611c,innovate innovative solutions,Initial commit for project innovate innovative solutions by Clinton Cain,2023-08-01 18:22:31.553768
42,3,16,11,17b044b4-cc92-423e-b665-2f6586fbb144,utilize cross-media niches,Initial commit for project utilize cross-media niches by James Berg,2023-10-05 02:55:38.767644
43,5,10,3,baee7624-54a1-42c6-98b5-efe0f9b7c906,syndicate compelling metrics,Initial commit for project syndicate compelling metrics by Melissa Hamilton,2024-02-19 04:16:06.736937
44,5,7,20,53e89ba8-1b6e-468f-b04e-0f5c865ecf6f,syndicate compelling metrics,Initial commit for project syndicate compelling metrics by Sarah Kemp,2023-09-06 22:54:25.590959
45,10,16,12,5eab8350-4a56-4e2f-85ac-2c2f87f7f643,innovate innovative solutions,Initial commit for project innovate innovative solutions by James Berg,2023-09-05 07:54:25.679967
46,1,18,4,d7426739-ec44-408b-af6a-88b3ed681d20,incubate seamless users,Initial commit for project incubate seamless users by Leonard Warner,2023-10-18 15:19:33.013658
47,9,15,10,b1ef0180-c4a7-4ee1-85e5-f8f5a6ec6e0d,embrace back-end metrics,Initial commit for project embrace back-end metrics by Paul Lewis,2023-09-29 05:22:30.393977
48,9,16,2,9e73549c-203c-4b57-bb25-1cd99456478a,embrace back-end metrics,Initial commit for project embrace back-end metrics by James Berg,2023-10-31 01:53:41.657932
49,9,15,14,765708d6-c982-418e-9625-aa07159129fd,embrace back-end metrics,Initial commit for project embrace back-end metrics by Paul Lewis,2023-08-25 15:03:26.436366
50,1,14,18,737d63bf-06d2-4516-b3d1-3524041d8f57,incubate seamless users,Initial commit for project incubate seamless users by Clinton Cain,2024-07-17 13:48:21.845068
51,2,14,8,b9f63326-3201-4c86-9a6d-f398fe37634d,maximize interactive convergence,Initial commit for project maximize interactive convergence by Clinton Cain,2023-09-01 23:31:38.204811
52,3,14,6,2f1d4813-07fc-43b6-95f9-bd9d94b1e1b3,utilize cross-media niches,Initial commit for project utilize cross-media niches by Clinton Cain,2023-09-27 04:11:48.268499
53,10,14,18,d0335dd7-6a19-40ce-9e8b-f72bbdcd7c3b,innovate innovative solutions,Initial commit for project innovate innovative solutions by Clinton Cain,2024-01-19 00:53:28.208368
54,6,4,12,144c4ae9-8035-4f80-b335-0c7797da20ba,optimize plug-and-play initiatives,Initial commit for project optimize plug-and-play initiatives by Jordan Ramos,2023-12-23 18:28:55.350750
55,9,9,15,833e1eb9-ef65-4dbe-b01e-5b9ae49d16c0,embrace back-end metrics,Initial commit for project embrace back-end metrics by Allison Miller,2023-06-17 00:41:23.715820
56,9,2,18,4992310c-a74e-4949-9013-816bb2efb95e,embrace back-end metrics,Initial commit for project embrace back-end metrics by John Carpenter,2023-10-30 02:53:29.280370
57,9,16,3,5c40e54b-ae67-4b6c-a75c-d4dbbcdca81e,embrace back-end metrics,Initial commit for project embrace back-end metrics by James Berg,2023-11-25 13:29:43.421287
58,5,16,16,d0a7f258-39ea-4475-8cd2-0c1fb492ba81,syndicate compelling metrics,Initial commit for project syndicate compelling metrics by James Berg,2024-03-20 15:15:43.919305
59,4,9,8,6bed5a22-3a34-4c80-9b67-9c87b9ccba37,enhance revolutionary architectures,Initial commit for project enhance revolutionary architectures by Allison Miller,2024-02-03 17:33:36.518214
60,7,12,4,8a69177e-35d2-4b0b-aba5-e268ae89b5b7,enhance magnetic architectures,Initial commit for project enhance magnetic architectures by Marcus King,2023-07-04 06:51:44.663294
61,6,15,12,0e6a4ceb-a8d9-440d-85f6-8cf2289c20b7,optimize plug-and-play initiatives,Initial commit for project optimize plug-and-play initiatives by Paul Lewis,2023-11-28 16:40:28.894841
62,4,7,4,74eec119-4e47-4533-9e83-c7b679eb9eef,enhance revolutionary architectures,Initial commit for project enhance revolutionary architectures by Sarah Kemp,2024-06-17 11:06:35.421464
63,2,14,8,a652a7f2-5f56-4c61-a8d4-97f07067f959,maximize interactive convergence,Initial commit for project maximize interactive convergence by Clinton Cain,2023-09-18 04:23:56.888150
64,1,12,15,f1899e82-258d-4a2e-955c-44d5e9f73846,incubate seamless users,Initial commit for project incubate seamless users by Marcus King,2023-11-13 06:58:11.035341
65,10,20,9,89c13a4e-19fe-4fe5-b7a8-fceb015082a3,innovate innovative solutions,Initial commit for project innovate innovative solutions by Cheryl Velazquez,2023-11-24 12:33:51.929877
66,5,10,6,4fbb8e00-e02d-4d3e-8558-df964f5696c9,syndicate compelling metrics,Initial commit for project syndicate compelling metrics by Melissa Hamilton,2023-01-05 13:44:07.694313
67,7,10,10,f39f6254-e4a3-4670-bcd9-09b79df81ef5,enhance magnetic architectures,Initial commit for project enhance magnetic architectures by Melissa Hamilton,2024-06-26 04:50:08.797769
68,4,3,11,cc5b4a9f-4ca6-4140-be7f-ea3ecd49803f,enhance revolutionary architectures,Initial commit for project enhance revolutionary architectures by Morgan Robinson,2023-12-06 19:59:56.887038
69,3,18,2,3a882ad4-c66f-48fa-b3fd-9eff46211b49,utilize cross-media niches,Initial commit for project utilize cross-media niches by Leonard Warner,2024-09-26 21:54:59.849750
70,1,8,1,f1eb07f0-f270-4572-a014-fbd82cedcdd7,incubate seamless users,Initial commit for project incubate seamless users by Adam Jenkins MD,2024-01-11 13:45:54.030615
71,8,5,8,2ee40647-b821-434d-b52c-edbb105c775f,engage out-of-the-box infrastructures,Initial commit for project engage out-of-the-box infrastructures by Carol Andrews,2024-01-07 02:39:24.995816
72,3,9,4,640b850a-db4b-4d08-92b8-6f98a0062563,utilize cross-media niches,Initial commit for project utilize cross-media niches by Allison Miller,2024-03-28 10:46:37.778069
73,1,17,5,eafc2dde-817b-4511-9733-d99615b17f73,incubate seamless users,Initial commit for project incubate seamless users by James Martinez,2024-06-21 19:58:26.583419
74,5,15,18,e25076b1-250c-4091-b804-ae54541716b4,syndicate compelling metrics,Initial commit for project syndicate compelling metrics by Paul Lewis,2023-04-27 16:48:39.452404
75,3,6,7,d5e587e2-e041-467b-84b1-1c425e63d2f0,utilize cross-media niches,Initial commit for project utilize cross-media niches by Jason Williams,2024-07-26 12:21:07.154423
76,1,12,11,698b41ae-715e-4d47-8791-090d54f4bc4e,incubate seamless users,Initial commit for project incubate seamless users by Marcus King,2024-07-21 07:25:11.074438
77,9,2,10,ef2e578b-3a69-4217-8ec0-894a7d77ac70,embrace back-end metrics,Initial commit for project embrace back-end metrics by John Carpenter,2023-05-21 21:49:37.495003
78,2,10,17,d8a358be-b368-4904-a5f2-39f56929bfe0,maximize interactive convergence,Initial commit for project maximize interactive convergence by Melissa Hamilton,2023-08-30 13:39:00.605803
79,7,7,10,ee6cbd7a-51ef-4304-977a-174331474118,enhance magnetic architectures,Initial commit for project enhance magnetic architectures by Sarah Kemp,2023-08-18 02:42:24.513746
80,10,13,7,a93deebb-5f84-4c2e-9fdc-ff73994a9eaf,innovate innovative solutions,Initial commit for project innovate innovative solutions by Jason Williams,2024-07-03 03:48:57.651215
81,3,20,14,e5e0cfb4-cef2-4b37-8b91-49a403490e07,utilize cross-media niches,Initial commit for project utilize cross-media niches by Cheryl Velazquez,2024-05-15 05:10:08.591157
82,6,7,3,78d1129c-3a80-4005-9a49-993bf44d47f2,optimize plug-and-play initiatives,Initial commit for project optimize plug-and-play initiatives by Sarah Kemp,2023-10-26 23:20:02.224999
83,9,19,16,03bc3690-bc91-4c1a-96dd-462855b58c04,embrace back-end metrics,Initial commit for project embrace back-end metrics by Mark Allen,2023-10-02 13:26:55.871696
84,1,4,15,2ab5417a-afca-4a3f-a579-9a11e406f9f4,incubate seamless users,Initial commit for project incubate seamless users by Jordan Ramos,2024-04-11 16:41:02.716705
85,3,19,2,88f99f1d-575c-47d3-998b-1945cc7d2134,utilize cross-media niches,Initial commit for project utilize cross-media niches by Mark Allen,2024-06-06 08:00:27.734157
86,4,5,17,708ebc3a-5201-4297-8fe2-fce825690f70,enhance revolutionary architectures,Initial commit for project enhance revolutionary architectures by Carol Andrews,2024-01-13 13:05:22.907423
87,4,20,19,47996e01-b528-4f30-b5e1-0bdd481e5742,enhance revolutionary architectures,Initial commit for project enhance revolutionary architectures by Cheryl Velazquez,2024-01-31 07:11:09.200240
88,4,17,11,9be42fb7-e4a8-49f4-8f82-0bbec955308a,enhance revolutionary architectures,Initial commit for project enhance revolutionary architectures by James Martinez,2023-08-19 16:10:40.683083
89,8,11,11,b5df3334-c695-4f8f-8eaa-4cd395f96ec3,engage out-of-the-box infrastructures,Initial commit for project engage out-of-the-box infrastructures by Michael Wade,2023-11-27 22:57:17.125109
90,5,14,10,cdf81840-fee0-4482-bedf-fcc3f4335f8c,syndicate compelling metrics,Initial commit for project syndicate compelling metrics by Clinton Cain,2023-05-21 09:00:29.401311
91,6,19,5,0fdd1198-4718-4e53-b2f3-259068149edc,optimize plug-and-play initiatives,Initial commit for project optimize plug-and-play initiatives by Mark Allen,2023-08-31 09:59:41.071564
92,7,11,16,c154d754-bb34-4362-90d3-3525759842c0,enhance magnetic architectures,Initial commit for project enhance magnetic architectures by Michael Wade,2024-04-20 01:12:16.969804
93,3,7,1,41b3f40f-2bcd-4cc8-96e5-c9adb31279e6,utilize cross-media niches,Initial commit for project utilize cross-media niches by Sarah Kemp,2024-04-14 02:50:44.443188
94,5,20,9,cc54f335-c293-4760-a756-babc85b635c5,syndicate compelling metrics,Initial commit for project syndicate compelling metrics by Cheryl Velazquez,2024-06-12 16:33:59.867289
95,5,6,7,3827558f-4ae7-40c7-a551-cc3394a32269,syndicate compelling metrics,Initial commit for project syndicate compelling metrics by Jason Williams,2024-08-29 05:32:35.669011
96,3,11,4,de24dd4b-3e28-4143-8a3b-1f9a58d689dc,utilize cross-media niches,Initial commit for project utilize cross-media niches by Michael Wade,2023-12-14 05:49:19.936208
97,2,3,7,c73f4fe0-137e-416e-8846-362caa138e08,maximize interactive convergence,Initial commit for project maximize interactive convergence by Morgan Robinson,2023-07-24 13:41:22.376092
98,5,2,10,c20ca944-bd3e-4a55-89ec-b7d3593950da,syndicate compelling metrics,Initial commit for project syndicate compelling metrics by John Carpenter,2023-12-01 22:26:42.764523
99,10,17,8,8628b22a-29b4-41f5-9764-00e9803f7b91,innovate innovative solutions,Initial commit for project innovate innovative solutions by James Martinez,2023-08-01 14:16:45.263814
100,7,15,18,91895311-f0f6-4d7e-b286-9f862b8ebc08,enhance magnetic architectures,Initial commit for project enhance magnetic architectures by Paul Lewis,2024-01-28 22:49:02.063189
101,5,14,11,463dff51-cefe-42f7-b0b6-dc5c40af7396,syndicate compelling metrics,Initial commit for project syndicate compelling metrics by Clinton Cain,2024-06-25 17:39:51.449235
102,3,1,5,cc176158-c0bc-410c-ad3f-92faa2c7450a,utilize cross-media niches,Initial commit for project utilize cross-media niches by Anna Thompson,2024-08-05 05:13:10.091387
103,7,8,8,c216a913-fdbc-4a30-9c6a-38fb1f425047,enhance magnetic architectures,Initial commit for project enhance magnetic architectures by Adam Jenkins MD,2023-10-26 01:32:15.490807
104,6,3,3,af9758ed-d9d4-4096-8774-4f5b7fc8ad37,optimize plug-and-play initiatives,Initial commit for project optimize plug-and-play initiatives by Morgan Robinson,2024-04-06 07:19:39.953095
105,10,9,19,2e7acd76-3dbe-4660-9cea-277e5d5bb9ae,innovate innovative solutions,Initial commit for project innovate innovative solutions by Allison Miller,2024-03-23 23:50:41.637954
106,8,13,10,88bc8881-de3f-4dee-b261-68409e7343e7,engage out-of-the-box infrastructures,Initial commit for project engage out-of-the-box infrastructures by Jason Williams,2023-11-22 05:38:22.074125
107,10,11,4,b6a8696e-ac97-4a6c-8e2a-d2e92d8462d1,innovate innovative solutions,Initial commit for project innovate innovative solutions by Michael Wade,2024-04-19 17:50:32.273182
108,2,19,13,9d3ffe3a-f44f-4ecd-bea0-62ec64c463ec,maximize interactive convergence,Initial commit for project maximize interactive convergence by Mark Allen,2024-01-11 05:36:56.130929
109,3,9,5,c9f9a918-ae61-4512-83dc-987800b90665,utilize cross-media niches,Initial commit for project utilize cross-media niches by Allison Miller,2024-09-19 08:00:37.479679
110,2,5,10,545e670e-352d-4dc2-b999-f2dc7c9bcba9,maximize interactive convergence,Initial commit for project maximize interactive convergence by Carol Andrews,2023-10-27 12:39:50.299306
111,3,6,9,0d1fc9b9-4c86-4332-a025-4524bc157445,utilize cross-media niches,Initial commit for project utilize cross-media niches by Jason Williams,2024-09-03 20:52:55.026910
112,2,17,20,af1e64d8-d5fd-46c7-84cf-f48982c44de8,maximize interactive convergence,Initial commit for project maximize interactive convergence by James Martinez,2023-06-30 03:23:19.642389
113,5,18,3,73ebff6a-bdc5-4e95-99bd-3071ff0a8eb2,syndicate compelling metrics,Initial commit for project syndicate compelling metrics by Leonard Warner,2024-01-01 14:52:24.533301
114,2,7,17,18bc60b7-7187-485d-a513-6efe5eb5c8fc,maximize interactive convergence,Initial commit for project maximize interactive convergence by Sarah Kemp,2024-02-08 09:42:56.752000
115,10,2,9,3a048f6d-2555-4a28-9b27-3e18e4490885,innovate innovative solutions,Initial commit for project innovate innovative solutions by John Carpenter,2024-04-22 01:57:27.920475
116,9,12,20,122f5491-e6d2-4bb3-a1a9-ee825d93511c,embrace back-end metrics,Initial commit for project embrace back-end metrics by Marcus King,2023-07-28 13:00:05.105199
117,1,11,4,dd28ab90-3916-4b34-a686-7edd1fbf6f9c,incubate seamless users,Initial commit for project incubate seamless users by Michael Wade,2024-05-12 20:35:18.698207
118,5,20,7,a237508a-2a9b-4841-995d-33045b88abf1,syndicate compelling metrics,Initial commit for project syndicate compelling metrics by Cheryl Velazquez,2023-08-11 20:31:45.674119
119,2,19,17,37f7a94b-1d28-4a7d-a9c1-8f11d41c5fed,maximize interactive convergence,Initial commit for project maximize interactive convergence by Mark Allen,2023-07-01 06:03:11.085745
120,3,2,15,9c64d96a-6133-4047-88cb-953ae2caf288,utilize cross-media niches,Initial commit for project utilize cross-media niches by John Carpenter,2023-12-25 13:07:16.860487
121,8,13,17,7fca5899-afba-48cc-a660-b3c25475e1be,engage out-of-the-box infrastructures,Initial commit for project engage out-of-the-box infrastructures by Jason Williams,2024-03-29 18:13:06.921886
122,10,10,1,c3288ef9-23ea-488a-9535-4fee52595d25,innovate innovative solutions,Initial commit for project innovate innovative solutions by Melissa Hamilton,2024-06-03 00:01:01.162409
123,1,3,2,2198ae8f-a226-4d04-9fda-701a684c6f11,incubate seamless users,Initial commit for project incubate seamless users by Morgan Robinson,2024-04-23 06:24:03.527626
124,10,20,17,0051a19f-246f-4e56-a8ae-1727697c761a,innovate innovative solutions,Initial commit for project innovate innovative solutions by Cheryl Velazquez,2023-08-07 10:19:05.939375
125,4,11,15,e0a64644-057c-4171-8657-18d6ade12b4f,enhance revolutionary architectures,Initial commit for project enhance revolutionary architectures by Michael Wade,2024-07-22 20:55:03.862592
126,4,18,1,2a3b22a0-3bc8-4ddd-b071-bc89574b2403,enhance revolutionary architectures,Initial commit for project enhance revolutionary architectures by Leonard Warner,2024-09-15 15:32:36.888247
127,2,19,14,334535da-3429-4f25-bbf2-61a837564ba1,maximize interactive convergence,Initial commit for project maximize interactive convergence by Mark Allen,2023-05-09 00:42:32.365465
128,7,9,5,91686754-4d44-4fdf-877e-15039409cee3,enhance magnetic architectures,Initial commit for project enhance magnetic architectures by Allison Miller,2023-09-27 01:41:47.203091
129,7,16,11,910f6b7e-50e0-454b-888e-1819952387e3,enhance magnetic architectures,Initial commit for project enhance magnetic architectures by James Berg,2024-04-12 03:34:41.638952
130,9,20,1,2066c654-c7e7-4110-800e-da17cde8b5c2,embrace back-end metrics,Initial commit for project embrace back-end metrics by Cheryl Velazquez,2023-06-06 19:01:25.250770
131,10,4,11,26ebfe17-8758-4353-b29c-56d49cf40ee1,innovate innovative solutions,Initial commit for project innovate innovative solutions by Jordan Ramos,2024-01-29 10:28:13.528728
132,4,9,5,716b7b7c-5e1c-4a6d-9334-83c2122965a9,enhance revolutionary architectures,Initial commit for project enhance revolutionary architectures by Allison Miller,2023-06-14 01:00:37.492610
133,3,5,3,ad9ded04-4574-44eb-ae4a-5ec92fe0ac89,utilize cross-media niches,Initial commit for project utilize cross-media niches by Carol Andrews,2024-07-28 16:03:38.929544
134,8,16,16,4a415093-fc3a-448e-82a7-7af109014c00,engage out-of-the-box infrastructures,Initial commit for project engage out-of-the-box infrastructures by James Berg,2023-12-27 10:25:10.438033
135,9,18,3,d00d2ffa-e9f1-4af2-9f45-67b03b514dbf,embrace back-end metrics,Initial commit for project embrace back-end metrics by Leonard Warner,2023-11-13 05:33:35.186188
136,7,16,12,e3cb7470-4b2c-42d0-9531-2af60ae4a19a,enhance magnetic architectures,Initial commit for project enhance magnetic architectures by James Berg,2024-03-28 18:03:26.651595
137,7,12,16,3301d07a-bab1-40cb-b3a3-a857a4e41923,enhance magnetic architectures,Initial commit for project enhance magnetic architectures by Marcus King,2024-09-10 18:16:21.731115
138,4,4,10,13fcb479-c33c-4cac-8523-c64ffae76242,enhance revolutionary architectures,Initial commit for project enhance revolutionary architectures by Jordan Ramos,2024-07-18 10:45:21.171069
139,7,2,16,a36b57e3-7f38-46f0-9f6a-2e90d28c2d5b,enhance magnetic architectures,Initial commit for project enhance magnetic architectures by John Carpenter,2024-05-03 17:02:59.448270
140,9,15,6,eceeb093-8281-4189-8381-5911598839ca,embrace back-end metrics,Initial commit for project embrace back-end metrics by Paul Lewis,2023-09-06 07:01:25.632559
141,1,3,7,ee199752-edc3-4a6f-8a56-92ae2470cbb7,incubate seamless users,Initial commit for project incubate seamless users by Morgan Robinson,2024-05-26 14:50:11.644867
142,5,9,13,59acd5fb-6667-419a-a651-dddf95b689dc,syndicate compelling metrics,Initial commit for project syndicate compelling metrics by Allison Miller,2023-12-12 02:41:43.755428
143,6,1,17,53954e07-0abf-438f-8b76-94b9b409a5f7,optimize plug-and-play initiatives,Initial commit for project optimize plug-and-play initiatives by Anna Thompson,2023-10-25 20:17:59.885600
144,8,4,17,b9016413-f84c-4d81-b51b-3f559dae71ad,engage out-of-the-box infrastructures,Initial commit for project engage out-of-the-box infrastructures by Jordan Ramos,2024-02-07 12:27:35.314660
145,3,19,7,115d7759-77cf-42e6-8c78-3e3d3102da29,utilize cross-media niches,Initial commit for project utilize cross-media niches by Mark Allen,2024-08-09 20:50:26.228793
146,6,9,6,ca71b683-5df8-4f0b-bdd9-b7e9f8e26531,optimize plug-and-play initiatives,Initial commit for project optimize plug-and-play initiatives by Allison Miller,2023-11-03 10:48:09.240706
147,5,13,11,70980133-37af-4329-900c-7cb28ba3afd8,syndicate compelling metrics,Initial commit for project syndicate compelling metrics by Jason Williams,2024-05-12 12:02:07.809454
148,8,10,9,4e0952f9-867f-47e6-8eb1-6d6c359266f9,engage out-of-the-box infrastructures,Initial commit for project engage out-of-the-box infrastructures by Melissa Hamilton,2023-12-26 10:51:26.382004
149,8,17,6,afb5daef-d9f6-40f0-b591-fca1887601be,engage out-of-the-box infrastructures,Initial commit for project engage out-of-the-box infrastructures by James Martinez,2024-03-09 22:54:19.160789
150,1,11,17,1ef9b1ad-9f3e-4db0-86f2-ce0bfd3980e1,incubate seamless users,Initial commit for project incubate seamless users by Michael Wade,2024-02-03 15:21:26.281892
151,3,19,20,9245b854-adae-4cc2-9114-433d5388947f,utilize cross-media niches,Initial commit for project utilize cross-media niches by Mark Allen,2024-04-08 14:00:34.644305
152,8,20,13,86e2cfe2-ed4f-4db1-96ae-392b9d838c3d,engage out-of-the-box infrastructures,Initial commit for project engage out-of-the-box infrastructures by Cheryl Velazquez,2023-12-05 09:25:19.528258
153,9,7,10,dbd2a861-68b5-4d4d-a4e0-14aeaf63aa44,embrace back-end metrics,Initial commit for project embrace back-end metrics by Sarah Kemp,2023-12-23 09:21:54.976411
154,10,2,15,1542cac9-a5d1-4884-88cf-633f7837e233,innovate innovative solutions,Initial commit for project innovate innovative solutions by John Carpenter,2023-11-19 04:55:57.696316
155,6,1,7,bf732010-1d24-4bf3-96c4-ef6f338ac953,optimize plug-and-play initiatives,Initial commit for project optimize plug-and-play initiatives by Anna Thompson,2023-08-14 06:07:46.978374
156,4,15,13,c318161b-e219-4353-8c9b-44538bdf8699,enhance revolutionary architectures,Initial commit for project enhance revolutionary architectures by Paul Lewis,2024-02-09 18:53:29.823241
157,9,7,6,e81a33a5-f8af-4aef-bad5-743fa23751a2,embrace back-end metrics,Initial commit for project embrace back-end metrics by Sarah Kemp,2023-07-10 00:24:05.288702
158,7,17,4,47e96ee9-8858-44f9-a429-77a83843870a,enhance magnetic architectures,Initial commit for project enhance magnetic architectures by James Martinez,2024-08-02 06:44:20.215323
159,6,3,14,88230a7e-020d-4a28-9f51-aa5d404f7e9f,optimize plug-and-play initiatives,Initial commit for project optimize plug-and-play initiatives by Morgan Robinson,2023-09-17 02:51:50.225940
160,7,20,10,2734c512-2d4d-4de2-82c5-43d682b79c3b,enhance magnetic architectures,Initial commit for project enhance magnetic architectures by Cheryl Velazquez,2023-09-16 07:59:02.703922
161,9,15,6,e3f54f29-881c-4cb5-8b27-8d8d4746268d,embrace back-end metrics,Initial commit for project embrace back-end metrics by Paul Lewis,2023-12-14 17:47:04.438561
162,6,20,10,b411c433-bc21-48c2-b6be-19b4f185623a,optimize plug-and-play initiatives,Initial commit for project optimize plug-and-play initiatives by Cheryl Velazquez,2023-11-18 15:02:43.020064
163,3,17,8,69eaab96-fe1e-40ab-b3fa-b6fbe4ee0ede,utilize cross-media niches,Initial commit for project utilize cross-media niches by James Martinez,2024-03-31 01:23:57.711684
164,10,10,1,f99a9beb-da0d-4612-bcda-75a93496ac25,innovate innovative solutions,Initial commit for project innovate innovative solutions by Melissa Hamilton,2024-04-24 09:20:44.269501
165,8,1,12,64760732-a33f-4b5d-a16f-6c01fabb50b7,engage out-of-the-box infrastructures,Initial commit for project engage out-of-the-box infrastructures by Anna Thompson,2024-01-20 12:50:22.082887
166,3,18,12,b54ee07e-6c67-474e-afe7-aaa254a5bbb6,utilize cross-media niches,Initial commit for project utilize cross-media niches by Leonard Warner,2024-05-23 20:28:29.360495
167,5,15,3,4d6a4f53-a93d-4789-9296-2ce9274535d4,syndicate compelling metrics,Initial commit for project syndicate compelling metrics by Paul Lewis,2023-11-18 18:39:55.651894
168,1,6,7,62317930-e118-4150-82ee-1e90c3d24eb5,incubate seamless users,Initial commit for project incubate seamless users by Jason Williams,2023-12-17 03:46:10.378665
169,1,11,5,450c5035-818d-41ab-9de4-fd2841e9bc56,incubate seamless users,Initial commit for project incubate seamless users by Michael Wade,2024-02-28 19:17:49.259066
170,2,7,2,4c58165c-5580-411c-b080-9831a7fd0873,maximize interactive convergence,Initial commit for project maximize interactive convergence by Sarah Kemp,2023-10-03 18:39:12.801181
171,5,16,3,3317b877-37c0-4ea5-b4da-34dd6fc0ec41,syndicate compelling metrics,Initial commit for project syndicate compelling metrics by James Berg,2023-11-15 08:59:44.264761
172,8,5,14,b3c096b5-0b22-491a-9ad8-83ac3ab9fa67,engage out-of-the-box infrastructures,Initial commit for project engage out-of-the-box infrastructures by Carol Andrews,2024-03-01 21:29:19.708145
173,7,10,14,6abccb8d-30ce-4b47-8315-9fc62f23ce5b,enhance magnetic architectures,Initial commit for project enhance magnetic architectures by Melissa Hamilton,2023-10-16 20:23:40.016977
174,10,18,19,f169057b-8bf2-4f36-93f1-de3a315017be,innovate innovative solutions,Initial commit for project innovate innovative solutions by Leonard Warner,2023-11-14 13:54:06.781189
175,5,13,15,f51f8d37-2a7f-4ce4-98ed-9aaacd993ff1,syndicate compelling metrics,Initial commit for project syndicate compelling metrics by Jason Williams,2024-01-16 07:54:28.457211
176,8,9,1,44a080f6-8eb1-495f-b125-a911a3fedee3,engage out-of-the-box infrastructures,Initial commit for project engage out-of-the-box infrastructures by Allison Miller,2023-12-21 08:52:26.973116
177,8,18,16,5e6037ce-5dda-4d6d-a130-10646e8ffe69,engage out-of-the-box infrastructures,Initial commit for project engage out-of-the-box infrastructures by Leonard Warner,2024-04-07 21:40:15.058325
178,7,10,1,df6fb546-7252-442c-a7de-55d1ccb0c51d,enhance magnetic architectures,Initial commit for project enhance magnetic architectures by Melissa Hamilton,2024-08-24 05:30:00.636926
179,5,19,14,005dbcf1-4f7a-415d-9940-0c20391fcbe5,syndicate compelling metrics,Initial commit for project syndicate compelling metrics by Mark Allen,2024-07-05 06:37:56.394466
180,2,7,15,408f2618-40af-4777-a7d4-7a99fa585334,maximize interactive convergence,Initial commit for project maximize interactive convergence by Sarah Kemp,2023-08-05 13:18:04.300531
181,9,20,8,fddb9942-883b-47f0-8e35-9b3c55fc6dfd,embrace back-end metrics,Initial commit for project embrace back-end metrics by Cheryl Velazquez,2023-07-29 05:35:09.628540
182,4,9,10,19579d05-b4b3-4883-a44a-93a0ca4c1b64,enhance revolutionary architectures,Initial commit for project enhance revolutionary architectures by Allison Miller,2024-01-13 14:57:33.578561
183,3,14,19,ad141f2d-655f-4d69-913c-32706403fd96,utilize cross-media niches,Initial commit for project utilize cross-media niches by Clinton Cain,2024-03-09 09:49:22.086229
184,5,16,8,9de9e653-ac85-48e6-9062-8f65157ca5cb,syndicate compelling metrics,Initial commit for project syndicate compelling metrics by James Berg,2023-01-12 20:14:43.539639
185,5,2,19,df03bbba-baab-4b7d-bc61-3262a64e681a,syndicate compelling metrics,Initial commit for project syndicate compelling metrics by John Carpenter,2024-02-16 12:02:16.910041
186,3,6,2,f59738ab-3f10-48c9-baec-20d5a0cdf08d,utilize cross-media niches,Initial commit for project utilize cross-media niches by Jason Williams,2023-09-26 22:12:49.009852
187,2,16,5,c2dcd384-0673-487c-a324-c624354e6899,maximize interactive convergence,Initial commit for project maximize interactive convergence by James Berg,2023-06-05 05:51:47.845731
188,4,11,14,0d6a3826-b566-4e06-b95f-9bda3f6e4c81,enhance revolutionary architectures,Initial commit for project enhance revolutionary architectures by Michael Wade,2024-01-02 18:13:18.216308
189,9,11,6,a4164082-5a29-4174-8390-19d84c004652,embrace back-end metrics,Initial commit for project embrace back-end metrics by Michael Wade,2023-05-19 00:36:31.455675
190,10,3,8,6187cac8-7558-4cff-acd7-fe52d652bcf1,innovate innovative solutions,Initial commit for project innovate innovative solutions by Morgan Robinson,2024-01-15 08:55:36.211769
191,3,18,9,24ec928d-7f4b-4db2-9d69-45304a90385b,utilize cross-media niches,Initial commit for project utilize cross-media niches by Leonard Warner,2024-02-22 04:29:01.544328
192,4,9,12,12008240-2570-4952-8752-798f3ad63a31,enhance revolutionary architectures,Initial commit for project enhance revolutionary architectures by Allison Miller,2023-06-15 00:27:12.477133
193,10,9,19,25c8b0c4-d294-4301-adb8-c2fec7ea7809,innovate innovative solutions,Initial commit for project innovate innovative solutions by Allison Miller,2023-10-20 03:05:04.077063
194,4,16,4,281ff3aa-8027-461b-adf4-d9e74993d38b,enhance revolutionary architectures,Initial commit for project enhance revolutionary architectures by James Berg,2024-06-18 12:09:31.226479
195,1,14,2,713aa199-fd36-4952-b14c-53de634f1dce,incubate seamless users,Initial commit for project incubate seamless users by Clinton Cain,2023-12-23 12:31:35.498002
196,1,5,15,23b9143e-1110-44ab-95ed-967c6bd48e27,incubate seamless users,Initial commit for project incubate seamless users by Carol Andrews,2024-07-22 09:06:42.181266
197,3,20,11,679aeffc-c4eb-4703-af4a-53fa334b4d2b,utilize cross-media niches,Initial commit for project utilize cross-media niches by Cheryl Velazquez,2024-01-28 09:49:53.957566
198,3,7,1,7e76e917-eebc-4b32-9c91-4037fc30cf41,utilize cross-media niches,Initial commit for project utilize cross-media niches by Sarah Kemp,2023-12-27 23:01:49.555403
199,1,14,15,b088a5bb-0f61-49a5-bdaf-2758cc6d9a2f,incubate seamless users,Initial commit for project incubate seamless users by Clinton Cain,2023-07-30 12:48:26.103987
200,9,13,18,d7cdb0b7-7d41-4291-b403-117fa496f6f2,embrace back-end metrics,Initial commit for project embrace back-end metrics by Jason Williams,2023-05-16 06:41:26.498476
201,1,1,6,2ec00924-a47f-4983-ab8d-14774f1cbcfc,incubate seamless users,Initial commit for project incubate seamless users by Anna Thompson,2023-07-17 08:01:08.675434
202,1,11,2,cead22dd-6f43-4991-b477-d67f4dbdbf82,incubate seamless users,Initial commit for project incubate seamless users by Michael Wade,2023-10-27 14:08:35.224205
203,5,2,12,00578cd1-bc40-433d-b63b-d888a8634799,syndicate compelling metrics,Initial commit for project syndicate compelling metrics by John Carpenter,2023-09-14 20:28:53.057329
204,7,20,7,9f29a107-9e0b-4ddb-b046-f53c06442c1d,enhance magnetic architectures,Initial commit for project enhance magnetic architectures by Cheryl Velazquez,2024-01-13 06:54:18.268683
205,10,4,9,9e566be0-9dfc-43a9-b81d-85541acb6202,innovate innovative solutions,Initial commit for project innovate innovative solutions by Jordan Ramos,2023-10-27 05:27:59.577419
206,8,14,10,365fbd79-a17c-4328-ad2a-542d9b609212,engage out-of-the-box infrastructures,Initial commit for project engage out-of-the-box infrastructures by Clinton Cain,2024-01-08 12:23:22.369730
207,2,11,12,4ab2c429-836b-45ad-b9b8-5a60d9202e8c,maximize interactive convergence,Initial commit for project maximize interactive convergence by Michael Wade,2023-06-02 03:36:55.620499
208,9,10,16,6f6564c6-2fec-4051-88ed-2eb2f6a56f8e,embrace back-end metrics,Initial commit for project embrace back-end metrics by Melissa Hamilton,2023-12-09 20:28:45.314893
209,3,1,15,347e6e7d-0c12-483c-815e-8f5e9af2a3fc,utilize cross-media niches,Initial commit for project utilize cross-media niches by Anna Thompson,2023-12-11 02:50:09.007131
210,9,8,20,63bbe96f-997b-4be6-b19f-c1222ab47513,embrace back-end metrics,Initial commit for project embrace back-end metrics by Adam Jenkins MD,2023-05-30 06:17:15.692894
211,6,14,18,b3efe861-dcb4-4737-88a6-9258de443dd3,optimize plug-and-play initiatives,Initial commit for project optimize plug-and-play initiatives by Clinton Cain,2023-07-11 08:42:34.623667
212,6,3,4,aa5b486d-1e51-4fc5-88e4-92a221c46795,optimize plug-and-play initiatives,Initial commit for project optimize plug-and-play initiatives by Morgan Robinson,2023-11-25 22:58:16.139558
213,1,5,20,0c7a853c-777d-4715-8fa8-d85696046287,incubate seamless users,Initial commit for project incubate seamless users by Carol Andrews,2024-04-23 04:29:26.226598
214,2,17,9,6ae2753e-549d-4c7f-babd-24e53820efd5,maximize interactive convergence,Initial commit for project maximize interactive convergence by James Martinez,2023-05-16 03:17:06.078932
215,4,17,15,11c38e96-f130-4aaf-aa43-95021be935cf,enhance revolutionary architectures,Initial commit for project enhance revolutionary architectures by James Martinez,2024-04-16 17:43:39.752317
216,5,14,16,56112dcf-0180-4db6-88f4-4f1f3eee2126,syndicate compelling metrics,Initial commit for project syndicate compelling metrics by Clinton Cain,2024-07-12 21:26:52.854075
217,3,1,4,39a67db6-837c-4bff-9255-53a94dc5870d,utilize cross-media niches,Initial commit for project utilize cross-media niches by Anna Thompson,2024-06-05 18:30:01.834581
218,6,15,1,7fbdc640-0926-401a-9acd-09dcb95aad56,optimize plug-and-play initiatives,Initial commit for project optimize plug-and-play initiatives by Paul Lewis,2024-04-14 17:12:18.971139
219,4,20,6,2746bf27-73ce-4538-bee4-629e1111a062,enhance revolutionary architectures,Initial commit for project enhance revolutionary architectures by Cheryl Velazquez,2024-02-08 23:55:17.998595
220,6,15,6,12dcc309-81f0-466e-b8a8-e66b8a823376,optimize plug-and-play initiatives,Initial commit for project optimize plug-and-play initiatives by Paul Lewis,2023-10-07 17:29:15.114261
221,4,19,1,549e620b-b9d3-47e6-beeb-5c93aae2a293,enhance revolutionary architectures,Initial commit for project enhance revolutionary architectures by Mark Allen,2024-01-07 04:55:57.913695
222,9,17,16,d937b71d-09cb-4ef2-84c7-c117ed06766a,embrace back-end metrics,Initial commit for project embrace back-end metrics by James Martinez,2023-10-08 01:34:38.849234
223,10,17,13,7fa16ded-b865-4a0e-b708-efd525b6aa43,innovate innovative solutions,Initial commit for project innovate innovative solutions by James Martinez,2023-10-04 06:34:38.216244
224,1,6,4,1e3489b5-f8b5-4846-b44a-a499e7ed2e38,incubate seamless users,Initial commit for project incubate seamless users by Jason Williams,2024-04-15 18:31:44.587208
225,3,5,19,69c53f35-0dd7-4c96-a4b3-f35e80c2307f,utilize cross-media niches,Initial commit for project utilize cross-media niches by Carol Andrews,2024-02-11 20:00:16.741705
226,10,1,3,f8eba9e6-07ce-4945-9653-b6dbb2d9b4b6,innovate innovative solutions,Initial commit for project innovate innovative solutions by Anna Thompson,2023-06-28 02:49:54.442820
227,4,12,6,fc45afbc-9aa0-422d-9fc3-70ed3738cac7,enhance revolutionary architectures,Initial commit for project enhance revolutionary architectures by Marcus King,2023-09-24 19:20:49.171618
228,2,9,2,45567aca-acf0-42ff-9abc-d0a737672dc0,maximize interactive convergence,Initial commit for project maximize interactive convergence by Allison Miller,2023-10-01 04:10:39.817890
229,7,8,7,51add0b4-0b5e-49b8-9cf0-8affe48feb6a,enhance magnetic architectures,Initial commit for project enhance magnetic architectures by Adam Jenkins MD,2023-12-24 08:40:32.066009
230,5,4,16,9b6dfc81-c59e-4c31-955a-b11819d1104a,syndicate compelling metrics,Initial commit for project syndicate compelling metrics by Jordan Ramos,2023-11-06 02:26:12.320536
231,9,13,3,41b07252-899e-4e92-bfa5-25e29a354aba,embrace back-end metrics,Initial commit for project embrace back-end metrics by Jason Williams,2023-12-10 16:31:39.538618
232,6,10,12,54c1ab1a-b8c8-44ab-bbb9-29583a4c5d12,optimize plug-and-play initiatives,Initial commit for project optimize plug-and-play initiatives by Melissa Hamilton,2023-07-03 15:53:37.496228
233,9,10,14,2a494b74-f06e-4c71-906a-0791acc5a536,embrace back-end metrics,Initial commit for project embrace back-end metrics by Melissa Hamilton,2023-12-14 09:21:53.373359
234,7,1,19,afcdf3cd-a3fc-4037-ad74-464020144009,enhance magnetic architectures,Initial commit for project enhance magnetic architectures by Anna Thompson,2024-03-08 18:42:40.028639
235,6,7,19,47fb1b4d-5846-4256-b316-95e5606193fd,optimize plug-and-play initiatives,Initial commit for project optimize plug-and-play initiatives by Sarah Kemp,2024-01-17 08:01:49.675627
236,4,12,2,298ba292-f6ea-4b45-8d58-ad4266d7c98b,enhance revolutionary architectures,Initial commit for project enhance revolutionary architectures by Marcus King,2024-04-26 02:43:39.950043
237,5,9,13,d3288e04-ab9f-4288-a52a-13b611f3c2a2,syndicate compelling metrics,Initial commit for project syndicate compelling metrics by Allison Miller,2024-07-09 18:57:20.318559
238,3,3,13,b11b9829-961e-4380-94a9-8afdc5396d5e,utilize cross-media niches,Initial commit for project utilize cross-media niches by Morgan Robinson,2024-01-09 03:24:16.934954
239,10,19,4,e8617b6d-109e-4819-9120-906ee53af20c,innovate innovative solutions,Initial commit for project innovate innovative solutions by Mark Allen,2024-06-19 14:21:20.418398
240,4,7,11,ccc3c0f3-ec5f-4aa0-9162-f694fe947b32,enhance revolutionary architectures,Initial commit for project enhance revolutionary architectures by Sarah Kemp,2024-09-02 00:56:13.261540
241,4,13,12,8b60ca4b-31d9-4271-8c2a-05857ba3078c,enhance revolutionary architectures,Initial commit for project enhance revolutionary architectures by Jason Williams,2024-05-22 08:00:27.724008
242,1,11,2,634da531-6f26-4e4d-82f2-3ae77c930c89,incubate seamless users,Initial commit for project incubate seamless users by Michael Wade,2023-11-29 14:47:01.701767
243,5,19,7,2acbba43-a314-474c-a298-a1e70a57f383,syndicate compelling metrics,Initial commit for project syndicate compelling metrics by Mark Allen,2023-12-12 04:27:25.182905
244,1,10,1,d459a2f1-7d6e-4a2b-9bf5-047cec83f507,incubate seamless users,Initial commit for project incubate seamless users by Melissa Hamilton,2024-03-18 23:04:41.914869
245,8,2,17,b5cf4d47-27d7-4bbd-8a29-849c05b7fc57,engage out-of-the-box infrastructures,Initial commit for project engage out-of-the-box infrastructures by John Carpenter,2024-02-05 08:53:26.388989
246,1,12,16,a2e482bb-f563-498e-b6ee-e057c28dc35e,incubate seamless users,Initial commit for project incubate seamless users by Marcus King,2024-06-11 07:41:17.720343
247,10,19,10,aec3f636-56ff-4df6-88b3-2a09db02f133,innovate innovative solutions,Initial commit for project innovate innovative solutions by Mark Allen,2024-01-05 17:30:57.791124
248,7,4,19,72d64b12-4ad1-410b-932a-3b0913320ed5,enhance magnetic architectures,Initial commit for project enhance magnetic architectures by Jordan Ramos,2023-12-23 01:27:32.802594
249,4,14,2,e19e2492-df87-4eb7-b3f0-448c4169507a,enhance revolutionary architectures,Initial commit for project enhance revolutionary architectures by Clinton Cain,2023-10-08 06:30:56.339862
250,10,6,4,84816c06-9198-4b44-840f-de902b8f562d,innovate innovative solutions,Initial commit for project innovate innovative solutions by Jason Williams,2024-07-06 16:37:04.552508
251,10,12,13,689039f8-4567-47d4-bdab-02655893cc8a,innovate innovative solutions,Initial commit for project innovate innovative solutions by Marcus King,2023-10-17 12:29:38.343874
252,7,3,17,8067b7aa-3b14-4898-a3f5-69fdc4e1d65d,enhance magnetic architectures,Initial commit for project enhance magnetic architectures by Morgan Robinson,2024-04-24 02:45:09.093948
253,1,3,14,fc14a944-f266-4ce0-b2f2-d4ecf097f9a5,incubate seamless users,Initial commit for project incubate seamless users by Morgan Robinson,2023-09-30 12:51:35.751924
254,5,19,11,9bb9b2c3-b718-4487-85e7-5517f0cdf7fa,syndicate compelling metrics,Initial commit for project syndicate compelling metrics by Mark Allen,2023-04-28 14:00:37.282954
255,8,13,12,9aee950b-139c-467c-a2d3-76eeff2c47a4,engage out-of-the-box infrastructures,Initial commit for project engage out-of-the-box infrastructures by Jason Williams,2024-01-20 21:38:47.197078
256,9,10,11,25272827-1ac4-4757-81e0-feb119ac8458,embrace back-end metrics,Initial commit for project embrace back-end metrics by Melissa Hamilton,2023-08-27 18:07:48.002672
257,7,8,1,8083541b-ea07-4210-9ed9-f634d4c0a38d,enhance magnetic architectures,Initial commit for project enhance magnetic architectures by Adam Jenkins MD,2023-09-07 05:38:11.498688
258,2,3,16,26de1919-a352-449a-b57c-83ebf08a3ce0,maximize interactive convergence,Initial commit for project maximize interactive convergence by Morgan Robinson,2023-10-14 07:58:22.652585
259,10,8,15,d71b2d73-61d2-4215-9c51-8699bd72119b,innovate innovative solutions,Initial commit for project innovate innovative solutions by Adam Jenkins MD,2023-09-04 18:11:45.789397
260,7,11,8,4ae2cae4-3543-48ae-bc02-15eb2c978467,enhance magnetic architectures,Initial commit for project enhance magnetic architectures by Michael Wade,2024-03-04 02:21:01.246400
261,6,13,19,97c4c504-2682-4149-8586-99de1673a24a,optimize plug-and-play initiatives,Initial commit for project optimize plug-and-play initiatives by Jason Williams,2023-07-23 22:36:54.919787
262,8,2,8,25d2abd2-b7b3-4be2-83e0-efc09eb98e05,engage out-of-the-box infrastructures,Initial commit for project engage out-of-the-box infrastructures by John Carpenter,2024-01-29 12:16:04.886062
263,3,17,17,7c7c9f26-aefb-404b-8e7d-b115fc37d626,utilize cross-media niches,Initial commit for project utilize cross-media niches by James Martinez,2023-12-06 06:16:57.008215
264,4,5,5,e29e150e-0516-4f03-bb5e-1df1eddcec76,enhance revolutionary architectures,Initial commit for project enhance revolutionary architectures by Carol Andrews,2023-11-14 13:15:26.336281
265,1,20,20,57e99f30-2d09-40ca-a372-be516575e136,incubate seamless users,Initial commit for project incubate seamless users by Cheryl Velazquez,2024-07-04 15:54:50.736097
266,8,6,3,44991cca-a835-4ec7-9e17-360dbad4fc99,engage out-of-the-box infrastructures,Initial commit for project engage out-of-the-box infrastructures by Jason Williams,2023-12-29 20:21:37.052355
267,3,10,9,381fbddc-d7d8-4004-9f59-60861a29ca5f,utilize cross-media niches,Initial commit for project utilize cross-media niches by Melissa Hamilton,2024-04-18 11:01:59.142601
268,7,1,2,e33bd2cd-69b4-4e87-a432-43a07cb2d216,enhance magnetic architectures,Initial commit for project enhance magnetic architectures by Anna Thompson,2023-12-11 10:34:32.937271
269,1,4,17,1ec614b2-99dd-477e-aa0c-d123f832732e,incubate seamless users,Initial commit for project incubate seamless users by Jordan Ramos,2024-03-04 20:08:58.469944
270,8,14,19,f9d717da-c477-476e-8f55-2f427d8ed946,engage out-of-the-box infrastructures,Initial commit for project engage out-of-the-box infrastructures by Clinton Cain,2023-12-13 21:24:54.623211
271,8,8,3,84e096ad-ae1e-4bc3-99b2-78b72fb25f03,engage out-of-the-box infrastructures,Initial commit for project engage out-of-the-box infrastructures by Adam Jenkins MD,2023-12-07 03:56:48.067994
272,5,20,9,ed6575d3-72af-4db1-8821-a2deb3c1e790,syndicate compelling metrics,Initial commit for project syndicate compelling metrics by Cheryl Velazquez,2023-09-17 12:49:03.352972
273,4,20,5,5d28d50a-5d25-49b8-874b-05a6d96f683d,enhance revolutionary architectures,Initial commit for project enhance revolutionary architectures by Cheryl Velazquez,2024-03-29 06:17:58.310616
274,10,3,17,13145062-fb3f-4ff0-a867-ea0ce4f95af6,innovate innovative solutions,Initial commit for project innovate innovative solutions by Morgan Robinson,2024-07-31 13:44:19.146173
275,4,4,5,f0138c72-f397-42cc-8252-e9f06036784a,enhance revolutionary architectures,Initial commit for project enhance revolutionary architectures by Jordan Ramos,2023-12-10 21:44:42.926060
276,5,10,14,bce362d3-4f02-4756-90e5-771a62cce724,syndicate compelling metrics,Initial commit for project syndicate compelling metrics by Melissa Hamilton,2024-03-04 22:18:13.917064
277,4,20,9,91e26958-1a93-4969-8cc0-0d45ef936087,enhance revolutionary architectures,Initial commit for project enhance revolutionary architectures by Cheryl Velazquez,2024-10-02 13:22:52.958872
278,8,18,14,ef6123be-9ef4-4645-99a5-5ccee6d49f7e,engage out-of-the-box infrastructures,Initial commit for project engage out-of-the-box infrastructures by Leonard Warner,2024-04-08 23:46:27.345541
279,3,17,16,212a6c9c-3e50-4cda-80b8-994dab9269cb,utilize cross-media niches,Initial commit for project utilize cross-media niches by James Martinez,2024-08-20 20:49:21.604201
280,1,10,10,45c5348a-549b-40c2-ad71-c54d737a0b8d,incubate seamless users,Initial commit for project incubate seamless users by Melissa Hamilton,2024-01-24 15:53:29.125921
281,3,8,14,462dfe7c-fc3d-4f49-acb5-e46d1a6e4a9f,utilize cross-media niches,Initial commit for project utilize cross-media niches by Adam Jenkins MD,2024-08-01 20:56:09.587499
282,1,8,8,3cd1dcf9-4140-40db-ad78-acccb136f970,incubate seamless users,Initial commit for project incubate seamless users by Adam Jenkins MD,2023-09-30 01:10:01.840746
283,9,11,3,5344244d-e8fb-4b4e-afda-fe8a98a56606,embrace back-end metrics,Initial commit for project embrace back-end metrics by Michael Wade,2023-12-08 12:56:02.260318
284,7,13,9,50eca74f-64ab-41c3-8405-3f13a63a5646,enhance magnetic architectures,Initial commit for project enhance magnetic architectures by Jason Williams,2023-09-02 16:09:01.975593
285,7,18,1,a74f57f0-d898-4273-9056-54e81a493415,enhance magnetic architectures,Initial commit for project enhance magnetic architectures by Leonard Warner,2024-06-24 22:36:24.684510
286,9,2,5,2f70780e-70b7-4233-8bfd-80c4d981862d,embrace back-end metrics,Initial commit for project embrace back-end metrics by John Carpenter,2023-05-05 22:54:19.964422
287,2,13,20,dbb7a184-2bfa-4e64-86da-68b1bedb74be,maximize interactive convergence,Initial commit for project maximize interactive convergence by Jason Williams,2024-01-04 08:49:11.556900
288,8,14,15,b40318b1-0440-46cf-8cf5-3766d9a66549,engage out-of-the-box infrastructures,Initial commit for project engage out-of-the-box infrastructures by Clinton Cain,2024-02-02 20:17:12.715933
289,3,13,12,3a88f877-3dab-47bd-8f8c-456555f02a90,utilize cross-media niches,Initial commit for project utilize cross-media niches by Jason Williams,2024-01-29 18:50:50.950039
290,5,5,4,4f972386-2f48-4cd2-8ef4-07a21a7c0d22,syndicate compelling metrics,Initial commit for project syndicate compelling metrics by Carol Andrews,2024-05-03 13:27:48.193756
291,4,2,12,c959d0fd-6b30-4a17-8d6a-beef7a4d4508,enhance revolutionary architectures,Initial commit for project enhance revolutionary architectures by John Carpenter,2023-07-07 18:44:16.508153
292,4,14,3,235bbcd9-2f17-4908-a9b2-9f14ea965b2d,enhance revolutionary architectures,Initial commit for project enhance revolutionary architectures by Clinton Cain,2023-07-03 03:30:54.356169
293,1,4,9,99dfc0c9-6ba8-4b13-836a-02636cebee70,incubate seamless users,Initial commit for project incubate seamless users by Jordan Ramos,2024-07-15 11:41:14.665276
294,10,5,13,938a5d05-c137-435c-af84-853a106586b3,innovate innovative solutions,Initial commit for project innovate innovative solutions by Carol Andrews,2023-06-18 05:53:51.460849
295,10,6,17,e2775fa0-ada1-4e8b-99d5-e65146ed8613,innovate innovative solutions,Initial commit for project innovate innovative solutions by Jason Williams,2024-03-30 12:31:45.251040
296,10,18,1,fac25f41-9d57-4027-a3d5-ac88bc3f050a,innovate innovative solutions,Initial commit for project innovate innovative solutions by Leonard Warner,2024-01-09 23:58:16.610598
297,4,14,12,425ee900-3c6b-4464-a32e-42d6239dd942,enhance revolutionary architectures,Initial commit for project enhance revolutionary architectures by Clinton Cain,2024-08-09 08:24:26.056623
298,7,4,12,9edb0ad7-4dd0-4f8a-b8cb-5e1e751b8150,enhance magnetic architectures,Initial commit for project enhance magnetic architectures by Jordan Ramos,2023-08-19 10:29:42.056719
299,10,7,12,23c60d99-14a0-4aa2-ab27-5419381a70d8,innovate innovative solutions,Initial commit for project innovate innovative solutions by Sarah Kemp,2024-06-14 08:55:24.258322
300,5,9,16,05b724f0-484a-4c91-b7c2-0fcb20f98d63,syndicate compelling metrics,Initial commit for project syndicate compelling metrics by Allison Miller,2024-01-11 05:56:01.907308
