JiraGitKey,JiraTicketKey,StoryPoint,GitHubRepo,CommitMessage,CommitTime,ProjectName,DeveloperKey
1,ceff9281-6fe4-4111-98de-6da2cfe955dd,4,strategize B2B relationships,Initial commit for project strategize B2B relationships by Jennifer Wilson,2024-05-20 21:52:13.244042,strategize B2B relationships,4
2,19c7bf25-614f-49c6-80fc-85aaeae46031,8,reinvent vertical networks,Initial commit for project reinvent vertical networks by Elizabeth Smith,2023-05-03 20:18:58.633305,reinvent vertical networks,11
3,b7e369fe-5beb-47bd-ba5e-00beb18e4aec,19,productize cross-platform supply-chains,Initial commit for project productize cross-platform supply-chains by Douglas Rollins,2023-08-21 03:00:25.840359,productize cross-platform supply-chains,5
4,571dac46-3769-434d-a02e-47ed98a24ce7,12,repurpose viral supply-chains,Initial commit for project repurpose viral supply-chains by Jennifer Wilson,2023-07-17 19:54:56.461210,repurpose viral supply-chains,4
5,455bacf9-e000-46aa-aa83-f07e53dd7aa1,2,productize cross-platform supply-chains,Initial commit for project productize cross-platform supply-chains by Tanya Ware,2024-02-21 17:14:25.892007,productize cross-platform supply-chains,10
6,e16a4fbb-2de6-4a59-b6e0-2f14f5e8686d,17,engineer cross-media e-business,Initial commit for project engineer cross-media e-business by John Jefferson,2024-01-05 06:28:32.570347,engineer cross-media e-business,8
7,7355ea45-85b3-41a4-813d-5141b3e03f04,12,engineer open-source niches,Initial commit for project engineer open-source niches by Susan Bates,2024-03-09 12:22:51.009807,engineer open-source niches,19
8,7c939b77-366e-4aba-8776-64a50854cae2,6,strategize B2B relationships,Initial commit for project strategize B2B relationships by Joshua Sparks,2024-01-24 08:54:09.674543,strategize B2B relationships,7
9,a564c02f-95b5-4ed8-9d5e-e2b0ff87624d,12,strategize B2B relationships,Initial commit for project strategize B2B relationships by Bradley Hampton,2023-12-20 13:43:15.062582,strategize B2B relationships,15
10,420b7cf5-74c9-40e9-ac3f-825eb0f17022,14,engineer cross-media e-business,Initial commit for project engineer cross-media e-business by Mark Bruce,2023-11-08 07:05:21.181844,engineer cross-media e-business,17
11,073f0205-b6ed-43c7-b897-31bb839e10a3,3,reinvent vertical networks,Initial commit for project reinvent vertical networks by Susan Bates,2023-03-04 14:28:19.908107,reinvent vertical networks,19
12,e4f6c461-0a1d-4f21-bea3-1859e3e86674,10,engineer open-source niches,Initial commit for project engineer open-source niches by Joshua Sparks,2023-09-08 08:09:25.487549,engineer open-source niches,7
13,e03056cc-9dd0-4781-913a-8eb119c62e12,10,reinvent vertical networks,Initial commit for project reinvent vertical networks by Joe Carter,2023-10-10 20:30:14.580967,reinvent vertical networks,3
14,62b5203d-1a6b-43bd-983d-6e1d1e093a43,7,synergize B2C experiences,Initial commit for project synergize B2C experiences by Nancy Rogers,2024-02-12 10:48:18.115373,synergize B2C experiences,2
15,47b44681-1145-4395-8e97-6b4385602ce3,18,productize cross-platform supply-chains,Initial commit for project productize cross-platform supply-chains by Mark Bruce,2024-02-13 13:22:35.955379,productize cross-platform supply-chains,17
16,6ca473e0-2693-46ad-96b2-74a8ea59fabb,5,enable best-of-breed deliverables,Initial commit for project enable best-of-breed deliverables by Joshua Sparks,2023-06-06 22:42:19.364041,enable best-of-breed deliverables,7
17,6ff2ad7a-b4bd-48e7-80d6-18cb0b43655f,5,engineer open-source niches,Initial commit for project engineer open-source niches by Jennifer Chandler,2023-09-08 12:49:24.398555,engineer open-source niches,12
18,1604ca75-a3d0-48b3-a2d0-437dde127cfd,1,productize cross-platform supply-chains,Initial commit for project productize cross-platform supply-chains by Nancy Rogers,2023-12-11 09:16:36.932773,productize cross-platform supply-chains,2
19,8bd24e36-125e-4ea1-adb6-d3c2eff84205,18,strategize B2B relationships,Initial commit for project strategize B2B relationships by Mark Bruce,2023-12-28 15:15:34.390143,strategize B2B relationships,17
20,12fec87e-d929-40ba-a7bf-86d8b0555028,15,engineer cross-media e-business,Initial commit for project engineer cross-media e-business by Christopher Mullen,2024-05-06 10:30:56.868158,engineer cross-media e-business,13
21,9ece37e5-b8e7-49ca-a417-f4c29b2ef367,15,drive customized content,Initial commit for project drive customized content by Joshua Sparks,2024-03-09 01:27:37.954571,drive customized content,7
22,9ec0b799-48f6-4de7-80d9-a61404e3957d,4,engineer cross-media e-business,Initial commit for project engineer cross-media e-business by Joshua Sparks,2024-05-14 23:11:51.465278,engineer cross-media e-business,7
23,211d6d82-8b84-41ee-9a9f-3d92c6ca9a74,14,drive customized content,Initial commit for project drive customized content by Christopher Mullen,2024-02-15 10:50:38.674436,drive customized content,13
24,b5160694-2867-4476-b466-4c259082b9a9,6,engineer open-source niches,Initial commit for project engineer open-source niches by Nancy Rogers,2024-06-02 13:55:29.741596,engineer open-source niches,2
25,8b2c2efc-9af9-4880-9e8f-8cf9b733295f,2,enable best-of-breed deliverables,Initial commit for project enable best-of-breed deliverables by Audrey Daniels,2023-11-11 23:33:56.394755,enable best-of-breed deliverables,1
26,8981ef10-f76d-412e-a78f-4888bc3b15e4,5,reinvent vertical networks,Initial commit for project reinvent vertical networks by Elizabeth Arroyo,2024-03-05 08:05:36.507289,reinvent vertical networks,9
27,4e60d179-bac0-4f2e-9b06-2b845f8c9449,11,synergize dynamic e-commerce,Initial commit for project synergize dynamic e-commerce by Brittney Murray,2023-03-26 23:29:55.074534,synergize dynamic e-commerce,20
28,6d8f81a7-0c27-463f-bf2b-26dfa4933eb5,11,drive customized content,Initial commit for project drive customized content by Michelle Miller,2023-11-16 14:50:17.101779,drive customized content,14
29,03e78163-981e-4841-a52a-44ac1bf2ee60,10,drive customized content,Initial commit for project drive customized content by Joe Carter,2024-04-05 22:50:21.642030,drive customized content,3
30,42d84106-c6e9-4dfd-9769-ac880e8a5424,6,synergize B2C experiences,Initial commit for project synergize B2C experiences by Elizabeth Smith,2023-11-20 21:40:18.160236,synergize B2C experiences,11
31,75fe4e85-759c-420b-91f5-c44d65c5aabc,4,productize cross-platform supply-chains,Initial commit for project productize cross-platform supply-chains by Bradley Hampton,2024-02-09 18:07:23.857992,productize cross-platform supply-chains,15
32,14d28a6d-6837-4a35-8b42-ef2e2c0520c6,4,engineer open-source niches,Initial commit for project engineer open-source niches by Jennifer Wilson,2023-12-15 19:39:13.310536,engineer open-source niches,4
33,817fbd24-0507-46f8-8781-9d3b1d69caeb,17,productize cross-platform supply-chains,Initial commit for project productize cross-platform supply-chains by Michelle Miller,2023-11-03 18:35:41.667532,productize cross-platform supply-chains,14
34,3eebd4cd-2eb4-40e7-9ba6-e2e7e59b04cc,1,strategize B2B relationships,Initial commit for project strategize B2B relationships by John Jefferson,2023-12-27 04:31:37.146036,strategize B2B relationships,8
35,b102fc0e-99ca-4f89-a5db-4a1edd8cca34,5,synergize B2C experiences,Initial commit for project synergize B2C experiences by Tanya Ware,2024-02-09 12:46:28.113387,synergize B2C experiences,10
36,bb9c5770-2fef-479f-a6a0-a8c3901cfa2a,9,strategize B2B relationships,Initial commit for project strategize B2B relationships by Douglas Rollins,2023-12-15 20:36:07.989011,strategize B2B relationships,5
37,5a37f2b9-cc8d-44bb-86dd-a6b66b4ca242,10,strategize B2B relationships,Initial commit for project strategize B2B relationships by Mark Bruce,2024-03-30 14:47:36.560630,strategize B2B relationships,17
38,ac58ca37-1fde-4165-a6c1-34d902a61671,4,synergize B2C experiences,Initial commit for project synergize B2C experiences by Brittney Murray,2024-04-13 23:05:52.183977,synergize B2C experiences,20
39,d16bac30-01d1-4d5d-955e-ece61472c0c5,20,productize cross-platform supply-chains,Initial commit for project productize cross-platform supply-chains by Elizabeth Smith,2023-11-29 19:02:30.369789,productize cross-platform supply-chains,11
40,f0736ecb-242a-450a-927f-26f5eb51989a,13,repurpose viral supply-chains,Initial commit for project repurpose viral supply-chains by Joe Carter,2023-03-22 22:07:33.384270,repurpose viral supply-chains,3
41,59c62981-536c-467b-9e04-83b9edaf4f91,2,reinvent vertical networks,Initial commit for project reinvent vertical networks by Tanya Ware,2023-04-18 21:44:02.535636,reinvent vertical networks,10
42,ce2d6b3c-4874-468c-a2df-267ec688b606,2,synergize B2C experiences,Initial commit for project synergize B2C experiences by Jennifer Chandler,2024-07-05 20:28:26.999491,synergize B2C experiences,12
43,de8d95b4-ed75-4fda-bcb3-f24f8d863f33,8,strategize B2B relationships,Initial commit for project strategize B2B relationships by Jennifer Chandler,2023-05-12 11:07:34.270098,strategize B2B relationships,12
44,95a738c8-30f7-4d25-96de-5727afdf057e,8,engineer cross-media e-business,Initial commit for project engineer cross-media e-business by Logan Brown,2023-04-30 11:06:39.435321,engineer cross-media e-business,18
45,c3577527-4484-404b-8995-633a22607cf0,11,repurpose viral supply-chains,Initial commit for project repurpose viral supply-chains by Joshua Sparks,2024-03-06 22:25:03.367854,repurpose viral supply-chains,7
46,83b4d2e6-24ff-424b-a9aa-8fca8258632b,4,synergize B2C experiences,Initial commit for project synergize B2C experiences by Christopher Mullen,2023-06-10 04:42:34.178705,synergize B2C experiences,13
47,4b6b23d1-1c68-4b8e-8daf-6c1ccd7bf1b0,4,synergize dynamic e-commerce,Initial commit for project synergize dynamic e-commerce by John Jefferson,2023-05-14 15:10:54.257384,synergize dynamic e-commerce,8
48,c2a20f36-353d-44e0-9943-b146fe8ced30,19,productize cross-platform supply-chains,Initial commit for project productize cross-platform supply-chains by Douglas Rollins,2023-12-24 01:33:26.869779,productize cross-platform supply-chains,5
49,710307ca-7ead-416e-96a8-3c2871b966fe,1,strategize B2B relationships,Initial commit for project strategize B2B relationships by Bradley Hampton,2024-03-03 00:08:30.679986,strategize B2B relationships,15
50,ac293b43-2d4c-4452-9788-31e028b9fff2,15,engineer cross-media e-business,Initial commit for project engineer cross-media e-business by Susan Bates,2024-06-12 23:14:47.499780,engineer cross-media e-business,19
51,91cf2761-b26a-40b9-8575-aca57a5cf567,8,synergize dynamic e-commerce,Initial commit for project synergize dynamic e-commerce by Christopher Mullen,2023-07-30 05:13:54.945827,synergize dynamic e-commerce,13
52,10a32efe-3fc8-41a7-ac5c-9e1c0ab05120,14,drive customized content,Initial commit for project drive customized content by Shane Cook,2024-01-23 06:28:53.892389,drive customized content,6
53,e51a62e1-4b14-4891-939e-afc36b7ec7cb,11,engineer cross-media e-business,Initial commit for project engineer cross-media e-business by John Jefferson,2024-06-15 08:43:02.762253,engineer cross-media e-business,8
54,3b2c6044-bd9c-48b8-94d8-0d438a282be0,14,engineer cross-media e-business,Initial commit for project engineer cross-media e-business by Susan Bates,2024-04-21 13:40:42.497161,engineer cross-media e-business,19
55,b9b2368d-06c2-4924-9286-eba17e08e79f,6,drive customized content,Initial commit for project drive customized content by Tanya Ware,2024-03-21 01:38:39.306722,drive customized content,10
56,c4e3fde7-c8dd-4e0f-b64d-ff3d4428fdf1,7,engineer cross-media e-business,Initial commit for project engineer cross-media e-business by Christopher Mullen,2023-08-06 04:12:45.866589,engineer cross-media e-business,13
57,f3f33cfc-d8e3-4d0d-9fb6-b0a84a79f3c4,2,engineer cross-media e-business,Initial commit for project engineer cross-media e-business by Shane Cook,2024-02-04 09:46:04.607839,engineer cross-media e-business,6
58,f0b63761-c9b8-44bd-b507-8abaa301f691,17,productize cross-platform supply-chains,Initial commit for project productize cross-platform supply-chains by Jennifer Wilson,2023-11-08 22:28:30.895223,productize cross-platform supply-chains,4
59,bd464c6d-6f2a-4a0a-9f62-f8dfe558b717,6,drive customized content,Initial commit for project drive customized content by Douglas Rollins,2024-01-08 15:01:40.704044,drive customized content,5
60,a6556c2e-4ebd-426d-bf63-485962ca7e9e,1,synergize dynamic e-commerce,Initial commit for project synergize dynamic e-commerce by Joe Carter,2023-10-14 00:03:50.281267,synergize dynamic e-commerce,3
61,dda4f59c-384b-41bc-9797-6b5ee7c354ed,7,enable best-of-breed deliverables,Initial commit for project enable best-of-breed deliverables by John Jefferson,2023-07-24 22:40:56.139085,enable best-of-breed deliverables,8
62,2c96b3d2-7b8d-4007-ba0c-6216adbc9215,3,synergize dynamic e-commerce,Initial commit for project synergize dynamic e-commerce by Susan Bates,2023-03-31 08:47:47.476669,synergize dynamic e-commerce,19
63,ddc55d1f-6153-4d75-b41a-1e5d3fabdbbf,16,reinvent vertical networks,Initial commit for project reinvent vertical networks by Joe Carter,2023-05-31 23:47:34.776354,reinvent vertical networks,3
64,aaf2d806-2b6b-40fd-8738-dec017f1f352,6,reinvent vertical networks,Initial commit for project reinvent vertical networks by Shane Cook,2023-02-06 08:39:34.052799,reinvent vertical networks,6
65,63c44d18-6aaf-4b5a-9862-0ec8d6f814f4,7,synergize dynamic e-commerce,Initial commit for project synergize dynamic e-commerce by Shane Cook,2023-12-14 20:22:57.797697,synergize dynamic e-commerce,6
66,c30aefff-b042-4f6d-af7f-29c5a9a3b950,14,engineer open-source niches,Initial commit for project engineer open-source niches by Nancy Rogers,2024-05-11 17:40:30.317375,engineer open-source niches,2
67,959ba128-b8a7-4864-ad57-ce4a1a55adfc,2,reinvent vertical networks,Initial commit for project reinvent vertical networks by Elizabeth Arroyo,2024-01-26 08:17:17.083763,reinvent vertical networks,9
68,e185bd01-6e0b-4909-8b1f-e8d5d10aa6d0,16,productize cross-platform supply-chains,Initial commit for project productize cross-platform supply-chains by Elizabeth Smith,2023-07-21 05:53:43.232055,productize cross-platform supply-chains,11
69,f1b4919e-b5ad-4273-b146-e23c88ff3191,18,synergize dynamic e-commerce,Initial commit for project synergize dynamic e-commerce by Joe Carter,2023-05-13 07:58:28.272684,synergize dynamic e-commerce,3
70,88ecf7c8-b17e-4739-940f-8710c2b24dbd,9,synergize dynamic e-commerce,Initial commit for project synergize dynamic e-commerce by Logan Brown,2023-08-31 12:45:20.133424,synergize dynamic e-commerce,18
71,461edb0e-1533-4fa9-89df-d8843f6ff923,18,engineer cross-media e-business,Initial commit for project engineer cross-media e-business by Susan Bates,2023-11-20 19:48:24.053032,engineer cross-media e-business,19
72,2fc22724-002a-4bf4-9fdb-b207a52327bc,16,drive customized content,Initial commit for project drive customized content by Bradley Hampton,2023-12-04 06:45:05.908250,drive customized content,15
73,ba28b1d2-5955-4e74-a966-673007ba11c3,4,reinvent vertical networks,Initial commit for project reinvent vertical networks by Joe Carter,2024-02-06 01:45:45.801977,reinvent vertical networks,3
74,12113edc-cba9-48e8-bc06-19ff2cb23df1,4,enable best-of-breed deliverables,Initial commit for project enable best-of-breed deliverables by Elizabeth Arroyo,2023-07-03 01:33:28.523368,enable best-of-breed deliverables,9
75,57bdb2f9-6e64-4f8c-922f-54e11eee5146,6,synergize B2C experiences,Initial commit for project synergize B2C experiences by Nancy Rogers,2023-06-11 22:38:14.028553,synergize B2C experiences,2
76,32a35bdd-40ba-4f72-b537-a2647244d767,12,engineer cross-media e-business,Initial commit for project engineer cross-media e-business by Jennifer Wilson,2024-04-16 12:27:54.964004,engineer cross-media e-business,4
77,55bf3af0-ade8-45b0-af86-0ab477e6ce59,5,repurpose viral supply-chains,Initial commit for project repurpose viral supply-chains by Jennifer Chandler,2023-07-16 20:33:51.844536,repurpose viral supply-chains,12
78,b3b9b57d-a954-40b0-90c4-f73a27ca8254,14,reinvent vertical networks,Initial commit for project reinvent vertical networks by Shane Cook,2024-06-20 21:11:32.043242,reinvent vertical networks,6
79,d556b563-a996-4b66-8ee0-898427092c71,19,productize cross-platform supply-chains,Initial commit for project productize cross-platform supply-chains by Susan Bates,2024-02-24 09:17:45.778466,productize cross-platform supply-chains,19
80,3c4910fd-f60b-4e49-9fa1-79da4c54d164,3,repurpose viral supply-chains,Initial commit for project repurpose viral supply-chains by Joe Carter,2023-10-06 22:52:05.714990,repurpose viral supply-chains,3
81,3e087d07-7be8-4602-ba5a-0a0ee6c94a2d,10,reinvent vertical networks,Initial commit for project reinvent vertical networks by Joe Carter,2023-03-27 17:20:12.922464,reinvent vertical networks,3
82,1616ac6f-17a3-4d73-b854-5c0061c137f0,16,enable best-of-breed deliverables,Initial commit for project enable best-of-breed deliverables by Tanya Ware,2023-12-07 19:26:09.239960,enable best-of-breed deliverables,10
83,7bf5bd24-7ae7-4c0d-8bb6-7f7342c7cfba,7,reinvent vertical networks,Initial commit for project reinvent vertical networks by Michelle Miller,2024-06-23 08:44:01.586478,reinvent vertical networks,14
84,258156e0-5d8c-4012-8e88-e972df0034c0,15,engineer open-source niches,Initial commit for project engineer open-source niches by Elizabeth Smith,2024-04-11 23:14:16.011279,engineer open-source niches,11
85,be970da5-bb92-4f76-a35d-19f6c98918a7,1,reinvent vertical networks,Initial commit for project reinvent vertical networks by Douglas Rollins,2023-10-27 09:17:45.467074,reinvent vertical networks,5
86,99604b0e-937f-428f-92da-f4b54a5c5e1e,3,engineer cross-media e-business,Initial commit for project engineer cross-media e-business by John Jefferson,2024-02-01 11:30:39.123276,engineer cross-media e-business,8
87,132a62e4-14cf-4b05-9318-5c4a9cd3429b,19,reinvent vertical networks,Initial commit for project reinvent vertical networks by Brittney Murray,2023-02-02 02:43:07.172701,reinvent vertical networks,20
88,4030801a-8b53-46a9-aae2-4605a6c8afbf,5,repurpose viral supply-chains,Initial commit for project repurpose viral supply-chains by Audrey Daniels,2023-04-20 02:25:49.796507,repurpose viral supply-chains,1
89,17191e3c-e78a-463d-b092-47eb2d7fe9a0,13,engineer open-source niches,Initial commit for project engineer open-source niches by Jennifer Wilson,2023-08-02 17:14:49.158100,engineer open-source niches,4
90,f58e7e0a-f726-4c1d-a177-0abfa9e4990f,1,synergize dynamic e-commerce,Initial commit for project synergize dynamic e-commerce by Shane Cook,2024-02-05 14:21:06.641599,synergize dynamic e-commerce,6
91,2722b1d4-1980-4c12-b545-9ad3a0a8529d,3,engineer open-source niches,Initial commit for project engineer open-source niches by Michelle Miller,2023-05-05 20:30:18.591524,engineer open-source niches,14
92,d83d75c3-7bcf-4aed-a46e-b9ee71975d04,19,engineer cross-media e-business,Initial commit for project engineer cross-media e-business by Susan Bates,2023-07-02 02:09:24.443933,engineer cross-media e-business,19
93,e5ceab77-2a38-458d-91a4-029e70e93192,10,reinvent vertical networks,Initial commit for project reinvent vertical networks by Elizabeth Arroyo,2023-11-22 11:04:10.694734,reinvent vertical networks,9
94,ac5546f1-0c0f-4a7f-a3ad-f0bafb21ce41,17,synergize dynamic e-commerce,Initial commit for project synergize dynamic e-commerce by Logan Brown,2023-05-30 10:15:42.174018,synergize dynamic e-commerce,18
95,e0fb47b1-33ba-485a-8afd-3ebc0bab94be,14,reinvent vertical networks,Initial commit for project reinvent vertical networks by Douglas Rollins,2024-03-21 04:45:45.048519,reinvent vertical networks,5
96,59d64f6a-44b4-4e1e-a657-1cbcaf111ffa,15,reinvent vertical networks,Initial commit for project reinvent vertical networks by Tanya Ware,2023-08-15 07:32:48.534299,reinvent vertical networks,10
97,dd6e53a1-0d30-4846-9b6e-542051bf17b5,12,drive customized content,Initial commit for project drive customized content by Bradley Hampton,2024-04-03 20:17:24.496236,drive customized content,15
98,d6af2ad2-dae9-4072-906a-b92a1cbab681,19,synergize dynamic e-commerce,Initial commit for project synergize dynamic e-commerce by Elizabeth Smith,2023-03-24 13:16:02.278633,synergize dynamic e-commerce,11
99,c6707176-48bd-4364-b695-9d121836ab0e,1,synergize dynamic e-commerce,Initial commit for project synergize dynamic e-commerce by Susan Bates,2023-09-27 20:54:28.415287,synergize dynamic e-commerce,19
100,eb826772-49b8-4c3c-94ba-802b485b1559,4,strategize B2B relationships,Initial commit for project strategize B2B relationships by Michelle Miller,2023-08-10 22:54:53.594972,strategize B2B relationships,14
101,388decbe-d6fe-465c-8b91-28ee67cde696,6,reinvent vertical networks,Initial commit for project reinvent vertical networks by Rebecca Jones,2023-07-14 05:22:15.821617,reinvent vertical networks,16
102,61141d57-2bd3-48fe-92b6-613c574ee072,9,enable best-of-breed deliverables,Initial commit for project enable best-of-breed deliverables by Nancy Rogers,2023-08-25 01:31:54.334762,enable best-of-breed deliverables,2
103,e476700b-4c18-4d66-ab39-f14c0007040e,1,synergize B2C experiences,Initial commit for project synergize B2C experiences by Joe Carter,2024-06-30 20:47:39.943234,synergize B2C experiences,3
104,3541e8e1-7f24-4519-a093-e2efa70fa2bf,17,engineer open-source niches,Initial commit for project engineer open-source niches by Mark Bruce,2023-06-25 07:35:59.836618,engineer open-source niches,17
105,82028952-3463-47e2-b412-3af287247d8e,9,drive customized content,Initial commit for project drive customized content by Jennifer Wilson,2024-02-01 06:51:08.910908,drive customized content,4
106,a602415d-adaf-4d40-8475-776a47437dda,2,enable best-of-breed deliverables,Initial commit for project enable best-of-breed deliverables by Joshua Sparks,2023-12-02 12:26:21.171321,enable best-of-breed deliverables,7
107,00739dc5-9f9d-4a81-be53-a40c49f21909,14,strategize B2B relationships,Initial commit for project strategize B2B relationships by Elizabeth Smith,2024-01-09 16:52:01.941766,strategize B2B relationships,11
108,95b2d0a7-16d3-45f3-8cad-a98bc1bdd4bd,4,engineer open-source niches,Initial commit for project engineer open-source niches by Jennifer Chandler,2023-09-17 15:49:08.802075,engineer open-source niches,12
109,b38f83be-c91b-4a58-9ab5-fbe486916a80,19,engineer cross-media e-business,Initial commit for project engineer cross-media e-business by Shane Cook,2024-02-04 14:49:58.854646,engineer cross-media e-business,6
110,215326e1-4774-4a63-9d75-1dcb54f831c2,11,drive customized content,Initial commit for project drive customized content by John Jefferson,2024-02-15 13:31:45.778183,drive customized content,8
111,21476f20-bd6b-46f5-83d7-8cbeee68a8ad,9,strategize B2B relationships,Initial commit for project strategize B2B relationships by Shane Cook,2024-02-13 01:55:18.441294,strategize B2B relationships,6
112,c25333f4-81f3-4e14-942d-5af8cf333d25,1,reinvent vertical networks,Initial commit for project reinvent vertical networks by Bradley Hampton,2023-09-30 17:15:16.151927,reinvent vertical networks,15
113,ce1d863a-2986-4fbe-85cc-9230a9d9799b,14,synergize dynamic e-commerce,Initial commit for project synergize dynamic e-commerce by Joe Carter,2023-10-30 00:35:27.870934,synergize dynamic e-commerce,3
114,2ccc4cb7-7bb3-4bda-b049-dc41e2add71f,3,productize cross-platform supply-chains,Initial commit for project productize cross-platform supply-chains by Joshua Sparks,2023-10-01 10:57:23.284530,productize cross-platform supply-chains,7
115,d55add4f-4e9a-4227-a6e3-7cf6ca043300,11,repurpose viral supply-chains,Initial commit for project repurpose viral supply-chains by Tanya Ware,2023-05-16 12:05:21.608223,repurpose viral supply-chains,10
116,60beca12-3714-4c8a-82b8-27d2b272647e,3,drive customized content,Initial commit for project drive customized content by Douglas Rollins,2023-12-06 01:44:14.102880,drive customized content,5
117,71fe5bf9-7468-4bf7-b7ba-f669213dc144,3,synergize B2C experiences,Initial commit for project synergize B2C experiences by Logan Brown,2024-07-11 03:42:36.487067,synergize B2C experiences,18
118,1a1dd68c-5688-485e-b3d6-724b06a4cb2e,3,drive customized content,Initial commit for project drive customized content by Logan Brown,2023-12-04 19:26:28.582782,drive customized content,18
119,637fc09f-efdd-4873-b6b4-b7be3bd2cbca,3,repurpose viral supply-chains,Initial commit for project repurpose viral supply-chains by Rebecca Jones,2024-04-07 23:27:19.039320,repurpose viral supply-chains,16
120,e7c8aa1a-3708-4607-8804-ab733c6ecb64,1,enable best-of-breed deliverables,Initial commit for project enable best-of-breed deliverables by Christopher Mullen,2023-06-12 18:06:36.598076,enable best-of-breed deliverables,13
121,36efcace-fd9f-4048-a5a2-69df9dd7fe6a,18,drive customized content,Initial commit for project drive customized content by Jennifer Chandler,2023-12-28 11:20:49.231445,drive customized content,12
122,e4330332-617f-491e-ab29-760bf9b685c7,7,synergize B2C experiences,Initial commit for project synergize B2C experiences by Shane Cook,2024-03-02 14:26:08.125833,synergize B2C experiences,6
123,c6428fc7-7132-48f3-a63b-2b9d78da492f,13,synergize B2C experiences,Initial commit for project synergize B2C experiences by Jennifer Wilson,2024-02-15 19:09:52.941730,synergize B2C experiences,4
124,4b5c2286-71d3-4318-b24e-5d554eb10900,2,reinvent vertical networks,Initial commit for project reinvent vertical networks by Jennifer Wilson,2023-03-20 12:39:50.930626,reinvent vertical networks,4
125,dbf28e2b-0d2d-4073-b884-e4a863e529fb,7,enable best-of-breed deliverables,Initial commit for project enable best-of-breed deliverables by Rebecca Jones,2023-06-27 21:33:41.313900,enable best-of-breed deliverables,16
126,8812379b-5a73-41a4-8388-083fef811a3c,8,productize cross-platform supply-chains,Initial commit for project productize cross-platform supply-chains by Nancy Rogers,2023-09-23 02:56:44.655009,productize cross-platform supply-chains,2
127,37cb1623-86e7-48d2-a3ef-bfc30b40a406,17,engineer open-source niches,Initial commit for project engineer open-source niches by Joe Carter,2023-06-24 03:37:51.871335,engineer open-source niches,3
128,5b219ad0-3ece-468e-b84d-659a485942bd,9,reinvent vertical networks,Initial commit for project reinvent vertical networks by Elizabeth Arroyo,2024-04-04 08:18:20.114564,reinvent vertical networks,9
129,dedcf094-46e0-41d3-9d82-3b266d352265,14,engineer open-source niches,Initial commit for project engineer open-source niches by Nancy Rogers,2024-04-30 06:58:21.034545,engineer open-source niches,2
130,beb5d409-372c-4f43-812d-9f2f3e6c8bad,8,reinvent vertical networks,Initial commit for project reinvent vertical networks by Tanya Ware,2024-02-05 01:05:29.936245,reinvent vertical networks,10
131,88348b86-0d8c-4028-a917-50cc16d7c967,18,repurpose viral supply-chains,Initial commit for project repurpose viral supply-chains by Brittney Murray,2023-11-08 04:01:35.725149,repurpose viral supply-chains,20
132,1ee84166-76c4-4226-803e-4e6aa74ae1ba,11,engineer cross-media e-business,Initial commit for project engineer cross-media e-business by Joe Carter,2023-08-09 08:58:03.693644,engineer cross-media e-business,3
133,16cc8349-c182-4ee9-9b70-2b9f68bbe152,3,productize cross-platform supply-chains,Initial commit for project productize cross-platform supply-chains by Elizabeth Arroyo,2023-08-02 12:39:33.488908,productize cross-platform supply-chains,9
134,b4b7b6a3-232f-4e5a-b4c9-d4f4c40b6bf1,7,productize cross-platform supply-chains,Initial commit for project productize cross-platform supply-chains by Shane Cook,2023-12-03 20:45:23.661590,productize cross-platform supply-chains,6
135,26dbf9cb-4877-418d-b9ba-43ab61710905,9,synergize dynamic e-commerce,Initial commit for project synergize dynamic e-commerce by Rebecca Jones,2023-10-06 02:19:10.482176,synergize dynamic e-commerce,16
136,27b144d5-da9e-4397-a382-4658baf467f2,6,synergize dynamic e-commerce,Initial commit for project synergize dynamic e-commerce by Bradley Hampton,2024-02-09 05:28:46.447460,synergize dynamic e-commerce,15
137,4c2cf71d-5ade-4e49-8281-effd9c4344f5,19,synergize B2C experiences,Initial commit for project synergize B2C experiences by Tanya Ware,2024-08-05 05:34:03.858593,synergize B2C experiences,10
138,5dc051ec-5908-45fb-b8d5-ac7f1afff754,13,synergize B2C experiences,Initial commit for project synergize B2C experiences by Tanya Ware,2023-09-02 21:13:29.290419,synergize B2C experiences,10
139,e247432b-d98c-473d-a3ee-b17540d8756f,17,strategize B2B relationships,Initial commit for project strategize B2B relationships by Douglas Rollins,2023-08-02 02:18:43.388837,strategize B2B relationships,5
140,8c8aea55-16e0-49aa-9277-3e424142d10d,19,engineer open-source niches,Initial commit for project engineer open-source niches by Nancy Rogers,2024-03-29 21:41:41.626799,engineer open-source niches,2
141,529b32a6-80a3-4102-b6d2-8f1e18044573,11,productize cross-platform supply-chains,Initial commit for project productize cross-platform supply-chains by Elizabeth Arroyo,2023-09-24 03:11:27.345092,productize cross-platform supply-chains,9
142,c15fc488-1f9e-4ae3-a8ac-b79b86b507dd,6,enable best-of-breed deliverables,Initial commit for project enable best-of-breed deliverables by Joe Carter,2024-01-17 20:59:08.500217,enable best-of-breed deliverables,3
143,184b2329-a675-41eb-bb11-76f97b37592d,20,engineer open-source niches,Initial commit for project engineer open-source niches by Joe Carter,2024-04-10 18:12:11.569713,engineer open-source niches,3
144,4797070d-4dc8-4d92-ba8a-b595aaffeff0,4,synergize dynamic e-commerce,Initial commit for project synergize dynamic e-commerce by Joe Carter,2024-02-20 12:51:01.688334,synergize dynamic e-commerce,3
145,309a6523-4872-494d-8638-97e450373d1d,19,reinvent vertical networks,Initial commit for project reinvent vertical networks by Elizabeth Arroyo,2023-08-26 04:40:28.353606,reinvent vertical networks,9
146,513ef5a1-15aa-44f4-84d8-134365b1d9d1,11,repurpose viral supply-chains,Initial commit for project repurpose viral supply-chains by Logan Brown,2024-03-10 19:10:11.119385,repurpose viral supply-chains,18
147,ebf93ae5-8e0b-45d0-af5c-b5720288ee4c,1,strategize B2B relationships,Initial commit for project strategize B2B relationships by Susan Bates,2023-10-01 21:47:21.192318,strategize B2B relationships,19
148,72f01c2d-cd28-4dc9-93d1-d5125db65ee6,11,repurpose viral supply-chains,Initial commit for project repurpose viral supply-chains by Brittney Murray,2023-10-17 21:12:54.403266,repurpose viral supply-chains,20
149,6d1fdba1-92e1-4fe5-b289-760ec27717c6,10,repurpose viral supply-chains,Initial commit for project repurpose viral supply-chains by Michelle Miller,2024-01-30 19:30:12.655756,repurpose viral supply-chains,14
150,7ee9895d-59c6-4472-88f1-7b44b32e00fe,4,synergize dynamic e-commerce,Initial commit for project synergize dynamic e-commerce by Christopher Mullen,2024-02-17 20:07:11.544550,synergize dynamic e-commerce,13
151,66c2ea68-4fa1-423b-932b-5a6c93b510b3,12,engineer cross-media e-business,Initial commit for project engineer cross-media e-business by Shane Cook,2023-10-12 17:57:04.630161,engineer cross-media e-business,6
152,3d22b48c-dc8c-41bb-9f5d-931972a193fa,11,synergize B2C experiences,Initial commit for project synergize B2C experiences by Joshua Sparks,2024-03-26 03:18:28.199616,synergize B2C experiences,7
153,fe5df086-5f4b-4e66-8841-c4d6c80b8957,15,drive customized content,Initial commit for project drive customized content by Rebecca Jones,2024-03-31 20:57:58.297630,drive customized content,16
154,9d6ece3e-d07d-4e22-8853-7b501de543b3,13,engineer open-source niches,Initial commit for project engineer open-source niches by Logan Brown,2023-09-23 11:01:01.063122,engineer open-source niches,18
155,f1982a56-b2b7-4534-b19b-31caf91a4f93,15,synergize B2C experiences,Initial commit for project synergize B2C experiences by Joe Carter,2024-01-13 09:30:58.221380,synergize B2C experiences,3
156,6629f7b3-1b6f-40bd-ba60-c484984255b7,7,enable best-of-breed deliverables,Initial commit for project enable best-of-breed deliverables by Joshua Sparks,2023-10-21 02:24:06.112722,enable best-of-breed deliverables,7
157,48610501-ed35-4a79-91f3-05570cd0f175,18,productize cross-platform supply-chains,Initial commit for project productize cross-platform supply-chains by Jennifer Chandler,2024-02-27 09:24:25.407574,productize cross-platform supply-chains,12
158,047a5c3f-15e2-4e2b-9f1f-54511dba4a40,17,engineer open-source niches,Initial commit for project engineer open-source niches by Jennifer Wilson,2023-07-13 12:40:55.932053,engineer open-source niches,4
159,2eeadc98-d092-42ea-aa20-67952047a144,20,synergize B2C experiences,Initial commit for project synergize B2C experiences by Jennifer Wilson,2024-09-13 16:29:17.629076,synergize B2C experiences,4
160,d709eb35-efb0-4b5e-a752-d9a0c1343921,16,engineer cross-media e-business,Initial commit for project engineer cross-media e-business by Bradley Hampton,2023-04-24 20:47:11.017391,engineer cross-media e-business,15
161,55ec6e76-2b08-492e-819c-a3932dfd1bae,4,repurpose viral supply-chains,Initial commit for project repurpose viral supply-chains by Mark Bruce,2024-06-02 01:03:21.835602,repurpose viral supply-chains,17
162,f409ffda-4ccc-4a74-8516-38696607307f,15,repurpose viral supply-chains,Initial commit for project repurpose viral supply-chains by Jennifer Wilson,2024-08-04 02:19:48.228429,repurpose viral supply-chains,4
163,15cbdb29-72b3-4a1e-8c89-d78279158fe8,2,synergize dynamic e-commerce,Initial commit for project synergize dynamic e-commerce by Audrey Daniels,2023-06-13 06:23:10.932188,synergize dynamic e-commerce,1
164,f67cce09-04de-4497-a6d7-bd4ec40a8f18,2,reinvent vertical networks,Initial commit for project reinvent vertical networks by Joe Carter,2023-03-27 21:43:25.990737,reinvent vertical networks,3
165,4117392c-89ca-41c2-bf17-0bef88380c5f,5,enable best-of-breed deliverables,Initial commit for project enable best-of-breed deliverables by Jennifer Chandler,2023-09-13 11:44:13.583189,enable best-of-breed deliverables,12
166,2c133e5b-16eb-44c5-92ce-39724b5390e4,4,synergize dynamic e-commerce,Initial commit for project synergize dynamic e-commerce by John Jefferson,2024-02-05 12:02:54.146843,synergize dynamic e-commerce,8
167,159144ec-d008-4c72-bc0a-4ed92a25b5d6,6,synergize dynamic e-commerce,Initial commit for project synergize dynamic e-commerce by Susan Bates,2023-07-23 07:32:51.659206,synergize dynamic e-commerce,19
168,5ad55351-4c00-4297-a84f-ca7ae1c70306,12,synergize B2C experiences,Initial commit for project synergize B2C experiences by Elizabeth Arroyo,2024-03-03 19:56:07.711024,synergize B2C experiences,9
169,afcfad12-0a73-4f0c-9659-395fea50582a,6,synergize B2C experiences,Initial commit for project synergize B2C experiences by Tanya Ware,2024-05-16 16:11:04.846215,synergize B2C experiences,10
170,9983213a-00f2-4940-b1d0-36a44f5533dc,12,drive customized content,Initial commit for project drive customized content by Bradley Hampton,2023-11-11 08:43:39.820242,drive customized content,15
171,bfb283ef-cc3d-47ce-99d5-81585c02bf78,4,engineer cross-media e-business,Initial commit for project engineer cross-media e-business by Logan Brown,2024-05-13 03:52:31.425694,engineer cross-media e-business,18
172,60adc830-ab5c-4078-8694-9f97ca581828,11,engineer open-source niches,Initial commit for project engineer open-source niches by Joshua Sparks,2024-04-04 09:42:59.668953,engineer open-source niches,7
173,437c97b1-81e6-4a24-b900-23809c52a6fd,19,drive customized content,Initial commit for project drive customized content by Mark Bruce,2024-01-16 03:12:15.239657,drive customized content,17
174,d13d16a3-d1f1-43e8-b514-c4edcdf47e7a,18,engineer open-source niches,Initial commit for project engineer open-source niches by Tanya Ware,2024-03-06 00:34:14.063203,engineer open-source niches,10
175,19afc58f-51ac-4118-a659-c9c8cf46c2be,7,synergize dynamic e-commerce,Initial commit for project synergize dynamic e-commerce by Elizabeth Arroyo,2024-02-29 07:33:11.720010,synergize dynamic e-commerce,9
176,2fb27e3e-45a5-4fc6-a2d9-3453b397f5f8,8,strategize B2B relationships,Initial commit for project strategize B2B relationships by Christopher Mullen,2023-12-16 14:12:08.550007,strategize B2B relationships,13
177,769f1c80-4dbd-47c7-9a75-f1392d4706b0,3,synergize B2C experiences,Initial commit for project synergize B2C experiences by Elizabeth Smith,2024-04-16 08:52:05.553208,synergize B2C experiences,11
178,c4f405de-526c-4563-ac7c-53f451112400,2,drive customized content,Initial commit for project drive customized content by Audrey Daniels,2024-04-02 09:39:38.603256,drive customized content,1
179,b4e44bde-b09e-4339-905f-4fb982d3412b,6,repurpose viral supply-chains,Initial commit for project repurpose viral supply-chains by Rebecca Jones,2024-07-14 08:27:00.243398,repurpose viral supply-chains,16
180,dab619bd-f3fd-4454-951a-678d4a44c096,20,repurpose viral supply-chains,Initial commit for project repurpose viral supply-chains by Douglas Rollins,2024-06-30 11:34:57.628824,repurpose viral supply-chains,5
181,0784eb8a-4b7e-415e-9526-a9cde7b7eade,11,reinvent vertical networks,Initial commit for project reinvent vertical networks by Nancy Rogers,2023-02-19 16:16:49.723880,reinvent vertical networks,2
182,d8756a7e-24f5-422b-bc11-78e3e8f1333d,10,enable best-of-breed deliverables,Initial commit for project enable best-of-breed deliverables by Jennifer Wilson,2023-06-27 09:30:36.920385,enable best-of-breed deliverables,4
183,8483f686-a05a-4975-8596-ad74a5ed34e0,17,reinvent vertical networks,Initial commit for project reinvent vertical networks by Bradley Hampton,2023-03-21 04:33:12.679164,reinvent vertical networks,15
184,1d963306-c14b-4e6f-b3b8-dae8e26f0f61,10,engineer cross-media e-business,Initial commit for project engineer cross-media e-business by Bradley Hampton,2023-06-18 18:14:52.193858,engineer cross-media e-business,15
185,df5e5fa1-8a74-4d39-bfdf-eb176105a134,4,drive customized content,Initial commit for project drive customized content by Mark Bruce,2023-11-13 23:04:44.158679,drive customized content,17
186,4ca46ef0-c8b0-47e8-a03e-47e99aafa12e,11,enable best-of-breed deliverables,Initial commit for project enable best-of-breed deliverables by Douglas Rollins,2023-08-02 03:26:10.581348,enable best-of-breed deliverables,5
187,aa803a78-dab2-4135-92f9-8c34191f40d1,1,drive customized content,Initial commit for project drive customized content by Michelle Miller,2024-03-23 19:52:54.492158,drive customized content,14
188,3f58cc26-100b-4687-b974-4d186ae2727c,10,enable best-of-breed deliverables,Initial commit for project enable best-of-breed deliverables by Susan Bates,2023-07-12 01:02:41.963513,enable best-of-breed deliverables,19
189,24982fd4-cfb3-4bab-b4ad-8aab6be7a8ee,1,productize cross-platform supply-chains,Initial commit for project productize cross-platform supply-chains by Elizabeth Smith,2024-01-05 00:47:45.113854,productize cross-platform supply-chains,11
190,c51ac687-4cee-4800-88ad-d946764877d6,15,strategize B2B relationships,Initial commit for project strategize B2B relationships by Elizabeth Arroyo,2024-02-15 10:22:41.198722,strategize B2B relationships,9
191,97697b0b-a551-42e5-a608-213ec7e9da2a,4,engineer open-source niches,Initial commit for project engineer open-source niches by Joe Carter,2023-10-15 02:10:04.955108,engineer open-source niches,3
192,c0d5ed46-0a9c-4b11-81f2-c9d715f7e352,5,synergize B2C experiences,Initial commit for project synergize B2C experiences by Christopher Mullen,2023-08-12 16:32:09.392496,synergize B2C experiences,13
193,f4e379c6-a158-4396-94e1-973d9e02da57,8,strategize B2B relationships,Initial commit for project strategize B2B relationships by Michelle Miller,2024-03-02 12:43:40.541350,strategize B2B relationships,14
194,66c9834b-0419-4cf7-960f-30d34a38bf77,10,engineer cross-media e-business,Initial commit for project engineer cross-media e-business by Joshua Sparks,2023-04-05 08:14:23.716187,engineer cross-media e-business,7
195,17f81f8d-ce8a-46e2-8b9a-cc7af1bfc7eb,15,productize cross-platform supply-chains,Initial commit for project productize cross-platform supply-chains by Nancy Rogers,2023-11-25 12:48:24.611539,productize cross-platform supply-chains,2
196,f1250f8f-e717-44fa-8f53-207ec7ef6386,3,enable best-of-breed deliverables,Initial commit for project enable best-of-breed deliverables by John Jefferson,2023-07-07 03:21:58.803326,enable best-of-breed deliverables,8
197,e8ed0f8a-9c39-4d7e-b527-c4f9ec7a4974,11,synergize B2C experiences,Initial commit for project synergize B2C experiences by Douglas Rollins,2024-02-14 04:39:21.600127,synergize B2C experiences,5
198,0090f1e0-4481-44dd-beb6-54cd64a419f3,16,reinvent vertical networks,Initial commit for project reinvent vertical networks by Audrey Daniels,2023-12-11 07:11:39.915416,reinvent vertical networks,1
199,ce8eb918-8477-4a21-9bef-6f539d8e0bc6,17,productize cross-platform supply-chains,Initial commit for project productize cross-platform supply-chains by Elizabeth Arroyo,2024-01-07 10:36:03.069868,productize cross-platform supply-chains,9
200,70dcb111-720e-4a06-b233-f68b790377ad,19,engineer cross-media e-business,Initial commit for project engineer cross-media e-business by Brittney Murray,2024-03-02 03:05:25.492708,engineer cross-media e-business,20
201,7dc0d9ca-6fc6-4ee0-8c8a-534c214753f2,8,productize cross-platform supply-chains,Initial commit for project productize cross-platform supply-chains by Bradley Hampton,2024-02-02 09:37:30.361525,productize cross-platform supply-chains,15
202,a67b72a4-53e2-431b-babe-0900114254e8,6,enable best-of-breed deliverables,Initial commit for project enable best-of-breed deliverables by Bradley Hampton,2023-12-08 22:30:07.016391,enable best-of-breed deliverables,15
203,1ad9c9ce-abfd-404e-84be-02816cfc4cb7,18,repurpose viral supply-chains,Initial commit for project repurpose viral supply-chains by Audrey Daniels,2023-09-10 08:07:42.585587,repurpose viral supply-chains,1
204,f812f3f5-d9c1-498b-8ea4-43f15b13d9c2,13,strategize B2B relationships,Initial commit for project strategize B2B relationships by Brittney Murray,2023-07-07 14:35:22.525794,strategize B2B relationships,20
205,64645770-0ceb-4a3e-9eb0-341d864ffd80,7,engineer cross-media e-business,Initial commit for project engineer cross-media e-business by Jennifer Chandler,2023-09-23 15:15:18.872122,engineer cross-media e-business,12
206,ccf2dfcd-e7e0-4d02-a2ed-13743b377ad8,8,strategize B2B relationships,Initial commit for project strategize B2B relationships by Douglas Rollins,2024-06-16 23:32:31.828892,strategize B2B relationships,5
207,7cdc7d5b-ccef-43f6-be36-cbad7b9b2030,5,strategize B2B relationships,Initial commit for project strategize B2B relationships by Bradley Hampton,2023-03-23 16:10:59.014947,strategize B2B relationships,15
208,5d7dfff1-7719-491f-9b5b-b2a6803aaef8,20,enable best-of-breed deliverables,Initial commit for project enable best-of-breed deliverables by Jennifer Chandler,2023-10-02 06:23:30.324123,enable best-of-breed deliverables,12
209,242f7a2b-4a5b-41cb-8014-8161e311dac6,4,productize cross-platform supply-chains,Initial commit for project productize cross-platform supply-chains by Douglas Rollins,2023-09-03 02:30:32.964331,productize cross-platform supply-chains,5
210,3fb4dfbc-722a-4a47-af73-49788bdd76a5,13,enable best-of-breed deliverables,Initial commit for project enable best-of-breed deliverables by Brittney Murray,2023-09-06 04:38:03.173794,enable best-of-breed deliverables,20
211,78742169-e85e-402d-af26-a6a29a168f41,17,repurpose viral supply-chains,Initial commit for project repurpose viral supply-chains by Joshua Sparks,2023-05-29 16:55:26.896382,repurpose viral supply-chains,7
212,17e708d5-da43-419d-8adf-64b5c832b52c,4,drive customized content,Initial commit for project drive customized content by Susan Bates,2023-12-12 14:37:41.766508,drive customized content,19
213,94de483e-9383-44dd-a748-4ea116ce8130,14,strategize B2B relationships,Initial commit for project strategize B2B relationships by Audrey Daniels,2024-06-14 08:45:50.461503,strategize B2B relationships,1
214,49b1afed-30b2-4480-ae6c-ce7892c222f6,2,repurpose viral supply-chains,Initial commit for project repurpose viral supply-chains by Tanya Ware,2023-05-13 03:05:15.335205,repurpose viral supply-chains,10
215,33643e26-d472-452e-8a4a-793d20efbe39,4,engineer cross-media e-business,Initial commit for project engineer cross-media e-business by John Jefferson,2023-08-28 11:30:00.876843,engineer cross-media e-business,8
216,7ae5bb98-e500-4da6-91ef-fbafd7c55bbb,8,reinvent vertical networks,Initial commit for project reinvent vertical networks by Susan Bates,2023-11-03 05:37:10.594142,reinvent vertical networks,19
217,8fbf23bd-7c93-4e08-88b3-ea28e1603355,2,productize cross-platform supply-chains,Initial commit for project productize cross-platform supply-chains by Michelle Miller,2023-09-29 18:34:59.151087,productize cross-platform supply-chains,14
218,e2077a4a-6143-428a-b8c8-39a196f5bd38,5,repurpose viral supply-chains,Initial commit for project repurpose viral supply-chains by Brittney Murray,2023-03-18 09:38:03.292659,repurpose viral supply-chains,20
219,b268f7bc-0027-49d8-a880-d78048579e91,14,repurpose viral supply-chains,Initial commit for project repurpose viral supply-chains by Douglas Rollins,2024-01-26 13:55:23.763983,repurpose viral supply-chains,5
220,44418270-271c-48ab-b164-0785eea1147a,16,repurpose viral supply-chains,Initial commit for project repurpose viral supply-chains by Mark Bruce,2024-05-01 12:28:32.083579,repurpose viral supply-chains,17
221,7b7bf284-1c19-4f43-8cfb-506caab64750,11,drive customized content,Initial commit for project drive customized content by Joe Carter,2023-11-13 02:04:27.425037,drive customized content,3
222,cdcbb31f-e49f-4b32-ba02-e398d6cfe4c1,17,drive customized content,Initial commit for project drive customized content by Bradley Hampton,2023-11-10 05:46:10.255044,drive customized content,15
223,20fa12e6-8d07-4c71-9b6c-daea5eb61947,14,engineer cross-media e-business,Initial commit for project engineer cross-media e-business by Michelle Miller,2023-05-24 15:20:15.922441,engineer cross-media e-business,14
224,6a0c28cf-af89-4486-87c8-a6bb37690b78,20,drive customized content,Initial commit for project drive customized content by Douglas Rollins,2024-02-27 05:29:48.345048,drive customized content,5
225,573c03c9-e154-4c8c-8927-26327ff54ed9,10,engineer open-source niches,Initial commit for project engineer open-source niches by John Jefferson,2023-08-03 18:40:47.603725,engineer open-source niches,8
226,784e7f54-a23e-4616-8997-f4fcb1341ff6,9,synergize B2C experiences,Initial commit for project synergize B2C experiences by Christopher Mullen,2023-10-04 16:27:30.903772,synergize B2C experiences,13
227,bfaff45e-329f-43bf-b880-edbaec695c84,20,synergize dynamic e-commerce,Initial commit for project synergize dynamic e-commerce by Jennifer Wilson,2024-02-16 03:16:58.649551,synergize dynamic e-commerce,4
228,e122f079-e6dc-4521-a8c5-51967dc31b9e,6,repurpose viral supply-chains,Initial commit for project repurpose viral supply-chains by Audrey Daniels,2023-11-01 04:22:16.732543,repurpose viral supply-chains,1
229,38b540d9-a5bd-4d33-9e02-296a3973e491,2,repurpose viral supply-chains,Initial commit for project repurpose viral supply-chains by Logan Brown,2023-03-25 13:32:23.175455,repurpose viral supply-chains,18
230,e805c2ef-248b-4c5c-a1d7-7af93eda9688,3,engineer cross-media e-business,Initial commit for project engineer cross-media e-business by Logan Brown,2023-06-12 14:28:56.946199,engineer cross-media e-business,18
231,76ad6ac3-2e7f-4ade-aef0-602cee901838,15,synergize dynamic e-commerce,Initial commit for project synergize dynamic e-commerce by Shane Cook,2023-08-11 01:15:37.318499,synergize dynamic e-commerce,6
232,cc0adccb-fd8f-45c2-8399-94a0ebb71850,6,repurpose viral supply-chains,Initial commit for project repurpose viral supply-chains by Elizabeth Arroyo,2023-03-29 04:02:17.696931,repurpose viral supply-chains,9
233,8e97a943-c24f-4d3a-b37e-a5b49b6afc4b,16,reinvent vertical networks,Initial commit for project reinvent vertical networks by Joshua Sparks,2024-02-02 05:59:26.447035,reinvent vertical networks,7
234,72bcced9-4d41-4fdf-9b80-051ffcd2c3cb,1,repurpose viral supply-chains,Initial commit for project repurpose viral supply-chains by John Jefferson,2024-05-28 07:34:39.645021,repurpose viral supply-chains,8
235,4125286a-ef15-4a03-9ee0-0e38f102b6ff,19,enable best-of-breed deliverables,Initial commit for project enable best-of-breed deliverables by Shane Cook,2024-01-12 01:41:52.950497,enable best-of-breed deliverables,6
236,be06cdb5-85e7-496f-a269-d9bb998dab20,8,reinvent vertical networks,Initial commit for project reinvent vertical networks by Douglas Rollins,2024-03-04 12:57:48.301106,reinvent vertical networks,5
237,c522cefa-9325-4f74-9981-3a4b61622215,6,engineer open-source niches,Initial commit for project engineer open-source niches by Michelle Miller,2023-07-21 06:09:35.082460,engineer open-source niches,14
238,9595f07a-6b37-4df4-b6d9-76437f479527,4,synergize dynamic e-commerce,Initial commit for project synergize dynamic e-commerce by Brittney Murray,2023-07-14 05:55:20.462981,synergize dynamic e-commerce,20
239,c60330cb-0cbb-45eb-ab63-7589f925602f,17,drive customized content,Initial commit for project drive customized content by Shane Cook,2023-12-10 03:12:21.191876,drive customized content,6
240,7693816a-ebef-4e87-8707-5e7dd8550033,12,engineer cross-media e-business,Initial commit for project engineer cross-media e-business by Michelle Miller,2024-05-27 17:23:50.461188,engineer cross-media e-business,14
241,6c8e3bc9-d42c-4cfc-b092-627a06c60539,6,synergize dynamic e-commerce,Initial commit for project synergize dynamic e-commerce by Brittney Murray,2023-09-30 02:23:45.530734,synergize dynamic e-commerce,20
242,ec9240cc-53fb-4ed2-8818-c28fb03f32a0,15,repurpose viral supply-chains,Initial commit for project repurpose viral supply-chains by Christopher Mullen,2024-08-08 09:15:38.678835,repurpose viral supply-chains,13
243,8e2c2993-d2e4-45d8-9a26-7696b22bb0be,7,engineer open-source niches,Initial commit for project engineer open-source niches by Rebecca Jones,2024-02-18 04:04:52.989282,engineer open-source niches,16
244,63a76d77-10de-4a7f-bac8-7d678b280329,11,repurpose viral supply-chains,Initial commit for project repurpose viral supply-chains by Tanya Ware,2023-08-08 04:44:25.991787,repurpose viral supply-chains,10
245,b5d529cc-1ccf-484f-8e24-7edd781d339d,17,strategize B2B relationships,Initial commit for project strategize B2B relationships by Mark Bruce,2024-03-20 21:39:29.788327,strategize B2B relationships,17
246,326a77c1-f028-40fc-b6e9-d0ad33b55ba4,3,engineer cross-media e-business,Initial commit for project engineer cross-media e-business by Christopher Mullen,2023-07-05 18:12:32.528421,engineer cross-media e-business,13
247,ba861279-06a8-457a-af68-94786eefd7fe,16,repurpose viral supply-chains,Initial commit for project repurpose viral supply-chains by Douglas Rollins,2023-12-04 19:12:29.337926,repurpose viral supply-chains,5
248,d495d07a-9344-422a-ad39-803e4198ba04,17,strategize B2B relationships,Initial commit for project strategize B2B relationships by Mark Bruce,2024-02-04 19:40:05.648489,strategize B2B relationships,17
249,f5c80a60-9799-47b0-a404-f898287647b9,18,engineer open-source niches,Initial commit for project engineer open-source niches by Christopher Mullen,2023-08-17 01:49:19.484468,engineer open-source niches,13
250,ec811a4d-86a9-4b54-8f94-c512a483c64d,6,drive customized content,Initial commit for project drive customized content by Bradley Hampton,2024-01-13 09:12:33.778746,drive customized content,15
251,b35151d4-1fce-4d29-8093-5578b89034bb,10,engineer open-source niches,Initial commit for project engineer open-source niches by Brittney Murray,2023-04-10 11:40:16.241559,engineer open-source niches,20
252,7170d977-11e1-45c5-9447-28609a12d361,1,enable best-of-breed deliverables,Initial commit for project enable best-of-breed deliverables by Elizabeth Smith,2023-12-04 04:21:53.540704,enable best-of-breed deliverables,11
253,c5f688ad-61d0-48a9-90f0-9275c0d7995e,7,synergize B2C experiences,Initial commit for project synergize B2C experiences by Bradley Hampton,2024-06-09 10:51:41.354101,synergize B2C experiences,15
254,a3ebbac8-f316-4799-92d1-3f772dfbe024,6,reinvent vertical networks,Initial commit for project reinvent vertical networks by Susan Bates,2023-04-05 19:27:59.948914,reinvent vertical networks,19
255,7050e827-a66d-4074-8b31-ecff336a34a2,1,synergize dynamic e-commerce,Initial commit for project synergize dynamic e-commerce by Michelle Miller,2023-07-10 23:41:24.129662,synergize dynamic e-commerce,14
256,3b781591-fcf5-4b4e-be39-0c49a2d278ae,14,engineer open-source niches,Initial commit for project engineer open-source niches by Michelle Miller,2023-10-19 05:40:06.981846,engineer open-source niches,14
257,94c3c798-0538-4a94-8a80-b4649f3a75eb,13,synergize dynamic e-commerce,Initial commit for project synergize dynamic e-commerce by Joe Carter,2023-07-24 22:12:26.219475,synergize dynamic e-commerce,3
258,990f6e93-d0b2-4d98-a25b-e565275e4018,8,reinvent vertical networks,Initial commit for project reinvent vertical networks by John Jefferson,2023-11-08 10:18:20.683764,reinvent vertical networks,8
259,04429924-ead3-4ecc-a11f-b267d80f9568,2,productize cross-platform supply-chains,Initial commit for project productize cross-platform supply-chains by Rebecca Jones,2024-01-23 20:21:39.871211,productize cross-platform supply-chains,16
260,0981526b-8bc1-404c-803d-ef748ef25adf,13,strategize B2B relationships,Initial commit for project strategize B2B relationships by Joe Carter,2023-11-28 11:26:55.894831,strategize B2B relationships,3
261,47b68cc0-bf31-47b3-9082-2bc99857384f,10,productize cross-platform supply-chains,Initial commit for project productize cross-platform supply-chains by Mark Bruce,2023-09-10 22:42:24.442061,productize cross-platform supply-chains,17
262,d397f948-cc11-4752-ae89-1dc906d5e186,2,productize cross-platform supply-chains,Initial commit for project productize cross-platform supply-chains by Joshua Sparks,2023-10-09 18:12:34.989550,productize cross-platform supply-chains,7
263,b4d6799c-b9b2-438f-a330-4f0621bc0d1b,6,strategize B2B relationships,Initial commit for project strategize B2B relationships by Tanya Ware,2024-03-25 17:17:26.113773,strategize B2B relationships,10
264,c22d6b49-957c-4099-9372-b175a8863716,15,engineer open-source niches,Initial commit for project engineer open-source niches by Elizabeth Arroyo,2024-05-29 05:53:02.050353,engineer open-source niches,9
265,58b81604-13f8-4b72-b4e4-caafc029c4f5,3,engineer open-source niches,Initial commit for project engineer open-source niches by Shane Cook,2023-09-14 21:49:18.292321,engineer open-source niches,6
266,0f413c2c-0d06-47b0-80ff-98ad379af930,5,enable best-of-breed deliverables,Initial commit for project enable best-of-breed deliverables by Christopher Mullen,2023-05-30 18:01:27.671823,enable best-of-breed deliverables,13
267,40c25c86-8422-41da-82d7-35b63097bc06,2,repurpose viral supply-chains,Initial commit for project repurpose viral supply-chains by Christopher Mullen,2024-06-21 05:03:20.362534,repurpose viral supply-chains,13
268,5a0b1680-14c1-4dbf-96e8-dc2cd3b92362,5,synergize dynamic e-commerce,Initial commit for project synergize dynamic e-commerce by Jennifer Chandler,2023-03-09 05:51:24.374090,synergize dynamic e-commerce,12
269,a39d0c11-680b-4ee3-8910-7853131b969b,1,engineer open-source niches,Initial commit for project engineer open-source niches by Shane Cook,2023-12-08 21:05:02.479521,engineer open-source niches,6
270,16d7c2ee-b65c-4b17-b998-691f7c2c7841,18,engineer cross-media e-business,Initial commit for project engineer cross-media e-business by Rebecca Jones,2023-09-24 19:59:49.353684,engineer cross-media e-business,16
271,5e3eb783-e376-472b-8259-9e0c85ab45a3,4,synergize dynamic e-commerce,Initial commit for project synergize dynamic e-commerce by Brittney Murray,2023-11-03 20:20:01.656141,synergize dynamic e-commerce,20
272,1f192d43-56b9-4399-9d91-73340160c5e3,19,engineer cross-media e-business,Initial commit for project engineer cross-media e-business by Jennifer Chandler,2024-03-03 23:43:24.501522,engineer cross-media e-business,12
273,89f9ad36-8dad-4151-9dd4-a0f120e9c959,15,synergize B2C experiences,Initial commit for project synergize B2C experiences by Elizabeth Smith,2023-11-01 12:07:24.415313,synergize B2C experiences,11
274,59723170-c9bd-4edd-ac29-7116d1282e5f,17,repurpose viral supply-chains,Initial commit for project repurpose viral supply-chains by Nancy Rogers,2023-11-22 01:16:31.714661,repurpose viral supply-chains,2
275,3aeb0daa-e0f0-47ac-ade2-146167aa2bbe,5,drive customized content,Initial commit for project drive customized content by Joe Carter,2024-02-20 09:36:44.559997,drive customized content,3
276,b1327ae0-ac7f-41d5-b24c-8dac5edac211,5,strategize B2B relationships,Initial commit for project strategize B2B relationships by Michelle Miller,2024-01-27 18:30:58.216354,strategize B2B relationships,14
277,3e20c026-1cce-4d7c-9cde-0f914ba9d33e,3,productize cross-platform supply-chains,Initial commit for project productize cross-platform supply-chains by Joshua Sparks,2023-10-10 03:06:40.686665,productize cross-platform supply-chains,7
278,95115eeb-670d-4902-a67d-72ab6075b9d1,16,synergize dynamic e-commerce,Initial commit for project synergize dynamic e-commerce by Elizabeth Smith,2023-10-19 07:29:16.917426,synergize dynamic e-commerce,11
279,523e01d5-d8e2-4c0d-90b7-b4ac5502bef2,13,engineer open-source niches,Initial commit for project engineer open-source niches by Joe Carter,2024-01-04 21:07:27.532854,engineer open-source niches,3
280,e5b297fd-4c52-490a-a84b-7515167408cb,9,engineer cross-media e-business,Initial commit for project engineer cross-media e-business by Elizabeth Arroyo,2024-03-23 23:58:13.066206,engineer cross-media e-business,9
281,44e1a37f-2e3f-46fb-bd24-b6e865c15141,6,repurpose viral supply-chains,Initial commit for project repurpose viral supply-chains by Jennifer Wilson,2024-07-12 02:47:28.446405,repurpose viral supply-chains,4
282,7efac280-bcdc-4b7f-9538-9dadbbd91b02,11,repurpose viral supply-chains,Initial commit for project repurpose viral supply-chains by Tanya Ware,2023-08-16 05:03:58.432018,repurpose viral supply-chains,10
283,a37e2763-9a86-429c-bff5-eeb0874e3a32,17,strategize B2B relationships,Initial commit for project strategize B2B relationships by Joshua Sparks,2024-01-24 12:59:33.255176,strategize B2B relationships,7
284,21b6e983-8b89-4cc7-af28-d6c6b40847fc,3,synergize dynamic e-commerce,Initial commit for project synergize dynamic e-commerce by Audrey Daniels,2023-07-05 03:25:12.913948,synergize dynamic e-commerce,1
285,86031b23-8b72-487d-9299-b37ba27cadd0,5,engineer cross-media e-business,Initial commit for project engineer cross-media e-business by Susan Bates,2024-06-15 23:11:34.548430,engineer cross-media e-business,19
286,901e5f4a-127b-4d59-9905-1e36956e1af5,17,drive customized content,Initial commit for project drive customized content by Joe Carter,2023-11-08 09:55:49.098135,drive customized content,3
287,57de00e1-98cf-43f7-830a-c38affbd6043,1,drive customized content,Initial commit for project drive customized content by Rebecca Jones,2024-01-11 18:46:26.345475,drive customized content,16
288,ed9b54b7-d1c9-4835-bc67-b0e83912f319,8,synergize B2C experiences,Initial commit for project synergize B2C experiences by Bradley Hampton,2023-11-15 06:55:33.705249,synergize B2C experiences,15
289,10fbc653-80b1-4dc2-93b5-4cc6dcc96910,19,synergize dynamic e-commerce,Initial commit for project synergize dynamic e-commerce by Rebecca Jones,2023-09-23 12:39:14.362310,synergize dynamic e-commerce,16
290,30fb437f-0860-4220-b316-72ce936c4884,5,engineer open-source niches,Initial commit for project engineer open-source niches by Rebecca Jones,2024-06-18 05:18:54.693192,engineer open-source niches,16
291,7a3aa699-94c7-4e60-a810-f01acc276fda,2,engineer cross-media e-business,Initial commit for project engineer cross-media e-business by Jennifer Chandler,2023-10-07 09:37:00.216708,engineer cross-media e-business,12
292,2e60249e-bdcc-4def-b0c1-2c2b4a35c5bf,4,engineer cross-media e-business,Initial commit for project engineer cross-media e-business by Jennifer Chandler,2024-05-14 02:54:13.362416,engineer cross-media e-business,12
293,177d4c7b-bf08-4154-9aac-5f427b357b2d,17,engineer open-source niches,Initial commit for project engineer open-source niches by Elizabeth Smith,2023-12-28 03:11:49.258278,engineer open-source niches,11
294,3cdff9f3-35d3-4a60-b99d-86ca2a839fe2,12,productize cross-platform supply-chains,Initial commit for project productize cross-platform supply-chains by Joe Carter,2023-08-01 23:38:26.164690,productize cross-platform supply-chains,3
295,ba9c7740-949e-4122-aadb-cef19f187070,1,strategize B2B relationships,Initial commit for project strategize B2B relationships by Jennifer Wilson,2024-02-01 22:58:09.949612,strategize B2B relationships,4
296,94fb455a-64c3-4296-97ee-af810c14bfb6,9,engineer cross-media e-business,Initial commit for project engineer cross-media e-business by Brittney Murray,2023-10-11 10:17:15.327079,engineer cross-media e-business,20
297,2229d7df-f838-484e-b870-7c98f56ed0f2,2,engineer cross-media e-business,Initial commit for project engineer cross-media e-business by Audrey Daniels,2023-03-16 06:35:59.403322,engineer cross-media e-business,1
298,cc0139d1-719e-4dfc-b2f8-e5d131a3eccd,14,strategize B2B relationships,Initial commit for project strategize B2B relationships by John Jefferson,2023-11-13 10:46:17.927876,strategize B2B relationships,8
299,70ef8957-9044-4c41-accc-f0a7f4761667,18,productize cross-platform supply-chains,Initial commit for project productize cross-platform supply-chains by Jennifer Wilson,2024-03-21 14:57:30.699216,productize cross-platform supply-chains,4
300,6b0ddd0d-81be-45e2-a751-d3b2b52bf688,15,repurpose viral supply-chains,Initial commit for project repurpose viral supply-chains by Michelle Miller,2023-06-23 09:40:19.441384,repurpose viral supply-chains,14
